dog_id,vacc_start_date,vacc_start_range,vacc_end_date
2-1084-m-1,2011-07-06,365.25,2011-12-04
2-1094-m-1,2011-08-14,365.25,2011-12-22
2-1442-f-1,2013-07-01,365.25,2016-06-30
2-1460-f-1,2014-07-01,365.25,2015-09-27
2-1460-m-1,2014-07-01,365.25,2015-09-27
2-1463-m-1,2013-07-01,365.25,2014-11-17
2-1463-m-2,2013-07-01,365.25,2014-11-17
2-1463-m-3,2013-07-01,365.25,2014-11-17
2-1529-m-1,2013-03-13,365.25,2015-12-24
2-1570-m-1,2011-08-17,0,2011-11-09
3-1451-m-1,2012-03-26,304.4,2012-03-27
3-652-f-1,2012-04-26,152.2,2015-06-30
3-652-m-1,2012-04-26,152.2,2012-10-19
3-652-m-2,2012-04-26,152.2,2012-04-11
3-682-f-1,2012-05-26,91.32,2012-04-11
3-682-f-2,2012-05-26,91.32,2012-04-11
4-1491-m-1,2014-07-01,365.25,2017-06-30
4-1553-m-3,2012-10-03,106.54,2013-06-22
4-1788c-f-1,2013-03-12,365.25,2014-11-24
4-462ee-f-1,2012-08-26,121.76,2013-05-07
4-53-f-1,2013-07-01,365.25,2015-12-21
4-626e-m-1,2013-07-01,365.25,2016-06-30
4-635-f-1,2013-07-01,365.25,2014-11-19
9000008800507590,2012-09-15,60.88,2012-11-29
900008800166071,2011-07-08,0,2012-05-21
900008800166075,2011-07-10,182.625,2011-09-29
900008800166079,2011-07-12,0,2012-06-20
900008800166081,2011-07-11,365.25,2018-06-30
900008800166084,2011-07-15,0,2013-07-01
900008800166092,2011-07-06,0,2015-08-20
900008800166103,2011-07-13,0,2013-06-22
900008800166108,2011-07-12,0,2013-11-25
900008800166113,2011-08-15,0,2013-02-01
900008800166124,2011-08-14,365.25,2013-11-11
900008800166127,2011-07-12,0,2017-06-30
900008800166173,2011-07-04,365.25,2014-12-07
900008800166175,2011-07-13,0,2016-06-30
900008800166184,2011-07-07,0,2013-07-13
900008800166206,2011-07-15,0,2013-03-18
900008800166219,2011-07-08,0,2016-06-30
900008800166230,2011-07-05,0,2014-04-04
900008800166237,2011-07-15,0,2013-10-10
900008800166251,2011-07-06,0,2016-06-30
900008800166255,2011-07-12,0,2012-07-11
900008800166260,2011-07-11,365.25,2013-10-28
900008800166261,2011-07-15,0,2013-05-14
900008800166263,2011-07-13,0,2012-12-15
900008800166270,2013-07-01,365.25,2014-10-13
900008800166286,2011-07-13,0,2013-10-18
900008800166293,2011-07-14,365.25,2012-02-22
900008800166296,2011-07-15,0,2013-04-29
900008800166299,2011-07-14,0,2011-10-19
900008800166313,2011-07-13,0,2015-02-25
900008800166315,2012-10-05,0,2018-06-30
900008800166315,2012-10-05,0,2012-09-30
900008800166315,2011-07-15,0,2012-09-30
900008800166318,2011-07-12,0,2013-07-09
900008800166319,2011-08-14,365.25,2013-07-12
900008800166326,2011-07-08,0,2013-12-08
900008800166332,2011-07-12,0,2012-11-19
900008800166341,2011-08-15,0,2013-06-27
900008800166343,2011-08-15,0,2013-02-01
900008800166362,2011-07-05,0,2013-02-25
900008800166364,2011-07-06,0,2019-09-01
900008800166375,2011-07-11,365.25,2012-07-26
900008800166382,2011-07-05,0,2014-04-04
900008800166404,2011-07-14,0,2016-06-30
900008800166423,2011-07-07,0,2012-02-15
900008800166424,2011-07-11,0,2012-09-30
900008800166439,2011-07-14,0,2012-12-17
900008800166442,2011-07-11,0,2012-12-15
900008800166444,2011-07-08,0,2013-07-15
900008800166447,2011-07-15,0,2014-06-13
900008800166450,2011-07-05,0,2012-09-20
900008800166462,2011-07-12,0,2014-01-07
900008800166465,2011-07-12,0,2013-07-27
900008800166488,2011-07-15,0,2011-10-01
900008800166497,2011-07-14,0,2012-03-16
900008800166501,2011-07-13,0,2013-12-09
900008800166510,2013-07-01,365.25,2014-07-23
900008800166512,2011-07-05,0,2014-02-17
900008800166528,2011-07-05,0,2014-01-18
900008800166531,2011-07-11,365.25,2013-07-01
900008800166543,2011-07-15,0,2014-04-23
900008800166544,2013-07-01,365.25,2018-06-30
900008800166544,2013-09-01,0,2018-06-30
900008800166554,2011-07-12,0,2012-06-20
900008800166570,2011-07-15,0,2013-09-15
900008800166576,2011-08-15,0,2013-04-02
900008800166578,2011-08-15,0,2016-06-30
900008800166585,2011-07-06,0,2013-01-01
900008800166599,2011-07-15,0,2015-09-06
900008800166607,2011-07-14,0,2017-06-30
900008800166628,2011-07-15,0,2013-05-01
900008800166647,2011-08-15,0,2013-03-03
900008800166647,2013-10-14,0,2013-03-03
900008800166647,2013-10-14,0,2016-06-30
900008800166657,2011-07-11,0,2013-03-09
900008800166658,2011-07-07,0,2012-07-31
900008800166659,2011-07-15,0,2011-11-19
900008800166672,2011-07-14,365.25,2018-06-30
900008800166682,2011-07-14,0,2013-03-08
900008800166683,2011-07-12,0,2012-11-15
900008800166697,2011-07-14,365.25,2018-06-30
900008800166705,2011-07-11,365.25,2011-10-01
900008800166709,2011-07-11,0,2011-10-07
900008800166736,2011-07-14,0,2012-03-27
900008800166748,2011-07-05,365.25,2015-05-18
900008800166750,2011-08-14,365.25,2017-06-30
900008800166768,2011-07-06,365.25,2012-11-28
900008800166769,2011-07-08,0,2019-09-01
900008800166771,2011-07-14,0,2013-04-11
900008800166772,2011-07-14,365.25,2014-04-23
900008800166775,2011-07-14,365.25,2013-07-07
900008800166783,2011-07-10,365.25,2012-10-21
900008800166793,2015-09-08,0,2015-07-25
900008800166793,2013-07-01,365.25,2015-07-25
900008800166795,2011-07-12,0,2012-07-31
900008800166798,2011-08-15,0,2016-06-30
900008800166802,2011-07-06,0,2018-08-15
900008800166805,2011-07-15,0,2011-10-01
900008800166808,2011-07-06,0,2012-05-13
900008800166810,2011-07-06,0,2014-07-05
900008800166819,2011-07-06,0,2014-07-05
900008800166835,2011-07-12,0,2012-12-19
900008800166847,2011-08-14,365.25,2013-07-12
900008800166898,2011-07-08,0,2019-09-01
900008800166949,2011-07-15,0,2012-07-14
900008800166958,2011-07-15,0,2013-03-15
900008800167060,2011-08-15,0,2013-10-21
900008800167076,2011-07-14,0,2012-07-28
900008800167090,2011-07-12,0,2013-02-18
900008800167097,2011-07-11,0,2011-12-29
900008800167103,2013-07-01,365.25,2016-06-30
900008800167105,2011-07-12,0,2012-08-04
900008800167123,2011-07-15,0,2014-04-23
900008800167123,2015-07-20,0,2014-04-23
900008800167140,2011-07-08,0,2017-06-30
900008800167157,2011-07-15,0,2014-04-23
900008800167157,2015-07-20,0,2014-04-23
900008800167180,2011-08-15,0,2013-02-01
900008800167187,2011-07-15,0,2011-10-01
900008800167232,2011-07-11,0,2012-12-12
900008800167243,2011-07-15,0,2014-11-18
900008800167256,2012-02-04,365.25,2018-06-30
900008800167278,2011-07-08,0,2011-08-22
900008800167288,2011-07-08,0,2016-06-30
900008800167321,2011-07-15,0,2011-11-01
900008800167337,2011-07-08,0,2019-09-01
900008800167414,2011-07-10,365.25,2011-10-06
900008800167420,2011-08-14,365.25,2016-01-20
900008800167430,2011-07-14,0,2011-10-11
900008800167434,2011-07-15,0,2013-06-17
900008800167456,2011-07-12,0,2012-08-04
900008800167495,2011-07-15,0,2011-10-01
900008800167635,2011-07-08,0,2014-11-02
900008800167645,2011-07-12,0,2011-09-12
900008800167666,2011-07-11,0,2014-04-04
900008800167695,2011-07-15,0,2018-06-30
900008800167711,2011-07-08,0,2011-10-30
900008800167839,2011-07-08,0,2013-07-13
900008800167859,2011-07-14,0,2013-02-09
900008800167867,2011-08-15,0,2014-04-26
900008800167876,2013-07-01,365.25,2014-08-14
900008800167878,2011-07-08,0,2016-06-30
900008800167926,2011-07-15,0,2012-09-29
900008800167928,2011-07-10,365.25,2017-06-30
900008800167945,2011-07-11,0,2013-06-22
900008800167946,2011-07-11,365.25,2011-10-01
900008800168004,2011-07-08,0,2014-12-12
900008800168064,2011-07-14,0,2018-06-30
900008800168213,2011-12-18,365.25,2016-06-30
900008800168223,2011-07-08,0,2012-10-28
900008800168265,2011-07-08,0,2019-09-01
900008800168272,2011-07-11,0,2014-02-24
900008800168294,2011-07-07,365.25,2011-10-11
900008800168313,2011-07-12,0,2011-10-11
900008800168480,2011-07-07,0,2013-09-24
900008800168524,2011-08-15,0,2011-12-10
900008800168555,2011-07-13,365.25,2014-11-25
900008800168651,2011-07-14,0,2018-06-30
900008800168657,2011-07-13,0,2013-07-17
900008800168683,2011-07-14,365.25,2013-03-15
900008800168686,2011-07-06,365.25,2016-06-30
900008800168701,2011-07-12,0,2012-07-31
900008800168782,2011-07-14,0,2012-10-11
900008800168805,2011-07-15,0,2011-08-02
900008800168888,2011-07-08,0,2013-08-30
900008800168955,2011-08-14,365.25,2011-12-02
900008800169012,2014-01-17,0,2013-05-30
900008800169012,2011-07-15,0,2013-05-30
900008800169012,2014-01-17,0,2019-09-01
900008800169256,2011-07-15,0,2015-07-23
900008800169269,2011-07-11,0,2011-10-07
900008800169620,2011-07-14,365.25,2016-06-30
900008800169705,2011-07-11,0,2013-12-27
900008800169711,2011-07-12,0,2013-05-27
900008800169816,2011-07-07,0,2012-02-13
900008800169861,2013-07-01,365.25,2014-01-29
900008800169867,2011-07-14,365.25,2012-10-16
900008800174151,2011-08-17,0,2017-06-30
900008800174996,2011-07-12,0,2016-06-30
900008800175165,2011-07-07,0,2018-06-30
900008800175318,2011-07-07,0,2014-12-08
900008800175330,2011-07-08,0,2014-11-05
900008800175376,2011-07-07,0,2013-09-15
900008800175430,2011-07-11,0,2011-10-13
900008800175496,2011-07-08,0,2015-10-26
900008800175566,2012-02-11,365.25,2018-08-15
900008800175603,2011-07-06,0,2014-07-05
900008800175648,2011-07-06,0,2012-05-16
90000880017567,2011-07-11,365.25,2013-03-05
900008800175741,2011-07-11,365.25,2011-12-14
900008800175879,2011-07-18,0,2018-06-30
900008800175882,2011-07-06,0,2019-09-01
900008800175891,2011-07-13,365.25,2014-03-21
900008800175913,2011-07-08,0,2012-02-21
900008800175929,2013-07-01,365.25,2019-09-01
900008800175949,2011-07-07,0,2016-06-30
900008800175990,2011-07-08,0,2013-06-06
900008800176032,2011-07-14,0,2013-04-16
900008800176051,2011-07-06,0,2013-08-16
900008800176055,2011-07-14,0,2011-10-19
900008800176058,2011-07-07,0,2012-03-16
900008800176071,2011-07-07,365.25,2014-11-18
900008800176106,2011-07-12,0,2011-12-12
900008800176152,2011-07-06,365.25,2012-02-14
900008800176163,2012-02-28,365.25,2016-06-30
900008800176165,2011-07-12,0,2014-02-08
900008800176174,2011-07-14,0,2013-03-23
900008800176181,2011-07-06,365.25,2015-05-17
900008800176200,2011-07-06,0,2013-05-27
900008800176250,2011-07-13,0,2011-10-03
900008800176292,2011-07-13,365.25,2015-03-13
900008800176295,2011-07-07,0,2013-07-16
900008800176354,2011-07-11,0,2015-08-11
900008800176408,2011-07-06,365.25,2018-06-30
900008800176432,2011-07-12,0,2011-11-12
900008800176454,2011-07-08,0,2016-06-30
900008800176457,2011-07-07,0,2018-06-30
900008800176475,2011-07-07,0,2013-09-24
900008800176480,2011-07-07,0,2014-09-04
900008800176492,2011-07-12,0,2013-05-17
900008800176504,2011-07-07,0,2012-07-31
900008800176514,2011-07-11,0,2013-09-04
900008800176523,2011-07-11,0,2012-08-06
900008800176560,2011-07-13,365.25,2013-12-10
900008800176566,2011-07-10,365.25,2011-08-10
900008800176628/900008800513613,2011-08-15,0,2013-03-18
900008800176636,2011-07-14,0,2015-01-27
900008800176682,2011-07-10,365.25,2013-12-25
900008800176724,2011-07-11,0,2014-11-25
900008800176745,2011-07-12,0,2017-06-30
900008800176747,2011-07-07,0,2014-07-06
900008800176750,2011-07-10,365.25,2011-11-25
900008800176757,2011-07-07,0,2018-06-30
900008800176807,2011-08-14,365.25,2012-06-01
900008800176830,2011-08-17,0,2011-11-13
900008800176846,2011-07-14,0,2013-05-14
900008800176861,2011-07-12,0,2019-09-15
900008800176877,2011-08-15,0,2016-06-30
900008800176886,2011-07-06,0,2012-05-16
900008800176914,2011-07-10,365.25,2015-09-10
900008800176927,2011-07-14,0,2011-10-01
900008800176940,2011-07-13,0,2019-09-01
900008800176946,2011-07-14,0,2012-07-24
900008800176984,2011-07-08,0,2011-08-22
900008800177034,2011-07-13,365.25,2016-06-30
900008800177040,2011-07-11,0,2011-12-12
900008800177046,2011-07-11,0,2013-04-14
900008800177052,2011-07-08,0,2016-06-30
900008800177052,2014-06-21,0,2016-06-30
900008800177052,2011-07-08,0,2014-06-20
900008800177052,2014-06-21,0,2014-06-20
900008800177091,2011-07-06,0,2013-05-17
900008800177142,2011-07-14,0,2013-06-16
900008800177159,2011-07-07,0,2013-02-19
900008800177187,2011-07-13,365.25,2011-10-11
900008800177212,2011-08-15,0,2013-02-14
900008800177215,2011-07-11,0,2012-12-11
900008800177243,2011-07-11,0,2013-05-09
900008800177245,2011-07-11,0,2011-10-13
900008800177248,2012-07-05,0,2017-06-30
900008800177248,2011-07-13,0,2017-06-30
900008800177259,2011-07-13,0,2015-09-27
900008800177273,2011-07-07,365.25,2014-08-04
900008800177301,2011-07-06,0,2018-06-30
900008800177320,2011-07-13,0,2013-03-10
900008800177343,2011-07-11,0,2016-06-30
900008800177347,2011-08-14,365.25,2014-02-27
900008800177348,2011-07-14,0,2018-06-30
900008800177366,2011-07-13,365.25,2019-09-01
900008800177409/900008800507139,2011-08-15,0,2019-09-01
900008800177423,2012-02-07,365.25,2018-06-30
900008800177443,2011-07-11,0,2013-05-09
900008800177444,2011-08-17,365.25,2012-01-29
900008800177452,2011-07-14,0,2013-04-16
900008800177456,2011-08-15,0,2013-02-16
900008800177458,2011-07-12,0,2013-05-12
900008800177461,2011-07-12,0,2013-04-25
900008800177495,2011-07-13,365.25,2014-05-07
900008800177511,2011-07-15,0,2014-04-23
900008800177516,2011-07-07,0,2012-08-16
900008800177526,2011-07-12,0,2012-03-26
900008800177531,2011-07-12,0,2013-06-20
900008800177544,2011-07-12,0,2013-02-14
900008800177551,2011-07-06,0,2014-07-05
900008800177573,2011-07-11,365.25,2013-06-26
900008800177574,2011-07-18,0,2013-01-30
900008800177614,2011-07-14,0,2014-12-21
900008800177622,2011-07-07,365.25,2012-11-28
900008800177624,2011-07-07,365.25,2014-08-04
900008800177630,2013-01-22,365.25,2018-06-30
900008800177640,2011-07-11,365.25,2013-03-05
900008800177678,2011-07-15,0,2014-11-24
900008800177682,2011-07-15,0,2012-04-27
900008800177685,2011-07-14,0,2012-03-21
900008800177691,2011-07-14,0,2012-07-24
900008800177705,2011-07-14,0,2014-12-21
900008800177714,2011-07-12,0,2012-12-26
900008800177735,2011-07-05,365.25,2014-11-23
900008800177760,2011-07-18,0,2015-11-02
900008800177811,2011-07-14,0,2019-09-01
900008800177823,2011-07-15,0,2012-02-07
900008800177841,2011-07-13,365.25,2014-09-21
900008800177845,2011-07-11,365.25,2011-09-18
900008800177874,2011-07-18,0,2016-06-30
900008800177876,2013-07-01,365.25,2014-08-04
900008800177923,2011-07-12,0,2015-11-20
900008800177978,2011-07-15,0,2012-07-28
900008800177992,2013-01-23,365.25,2016-06-30
900008800178002,2011-07-12,0,2019-09-01
900008800178006,2011-07-13,365.25,2011-10-19
900008800178026,2011-07-11,0,2011-09-22
900008800178078,2011-07-18,0,2013-11-04
900008800178081,2011-07-18,0,2013-08-05
900008800178091,2011-07-15,0,2012-02-07
900008800178112,2011-07-14,0,2012-03-08
900008800178125,2011-07-14,0,2011-10-22
900008800178147,2011-07-13,0,2018-06-30
900008800178149,2011-07-15,0,2013-11-30
900008800178150,2011-07-12,0,2012-08-04
900008800178157,2011-07-07,365.25,2011-10-29
900008800178161,2011-07-08,0,2012-12-30
900008800178223,2011-07-14,0,2012-03-14
900008800178243,2011-07-15,0,2014-04-23
900008800178261,2011-07-08,0,2014-07-05
900008800178277,2011-07-08,0,2014-07-05
900008800178310,2011-07-14,0,2012-12-17
900008800178313,2011-07-14,0,2019-09-01
900008800178492,2011-07-08,0,2013-04-07
900008800178575,2011-07-12,0,2013-11-06
900008800178643,2011-07-11,0,2013-02-11
900008800178662,2011-07-06,0,2012-07-01
900008800178672,2011-07-10,365.25,2014-05-05
900008800178677,2011-07-12,0,2014-12-17
900008800178678,2011-07-05,365.25,2012-11-26
900008800178742,2011-07-07,365.25,2012-11-28
900008800178832,2011-07-06,0,2012-07-01
900008800178868,2011-07-11,0,2014-04-04
900008800178913,2011-07-08,0,2017-06-30
900008800178922,2011-07-08,0,2013-03-31
900008800179950,2011-07-15,0,2015-10-12
900008800179959,2014-07-01,365.25,2016-02-19
900008800180015,2011-07-15,0,2015-09-24
900008800180018,2012-02-04,365.25,2018-06-30
900008800180034,2011-07-14,365.25,2019-09-01
900008800180077,2011-07-15,0,2013-05-31
900008800181227,2011-07-10,365.25,2012-08-25
900008800181256,2011-07-15,0,2013-01-17
900008800181265,2011-07-15,0,2013-06-26
900008800181269,2011-07-07,0,2012-12-13
900008800182830,2012-01-03,121.76,2013-03-21
900008800182861,2011-08-16,365.25,2017-06-30
900008800182878,2012-01-03,121.76,2012-09-24
900008800182957,2011-07-02,365.25,2014-03-30
900008800183311,2011-08-01,365.25,2018-06-30
900008800183579,2011-08-14,365.25,2012-08-04
900008800183583,2011-07-10,365.25,2014-08-05
900008800183601,2011-08-14,365.25,2012-08-04
900008800183644,2011-10-16,213.08,2013-08-19
900008800183767,2011-12-31,167.42,2014-01-02
900008800184158,2011-08-04,365.25,2013-04-30
900008800184202,2011-08-04,365.25,2012-06-12
900008800184424,2013-07-01,365.25,2017-06-30
900008800184428,2011-12-02,334.84,2012-05-12
900008800184639,2011-08-14,365.25,2012-08-04
900008800184679,2011-09-08,228.3,2019-09-01
900008800184709,2011-10-02,243.52,2013-02-24
900008800184747,2011-08-28,273.96,2015-12-24
900008800184781,2012-01-03,121.76,2012-02-29
900008800184782,2012-02-04,365.25,2019-09-01
900008800184807,2012-02-04,365.25,2015-07-12
900008800184814,2013-01-13,365.25,2014-06-26
900008800184820,2012-01-01,365.25,2013-07-26
900008800184832,2013-07-01,365.25,2018-06-30
900008800184838,2012-05-27,45.66,2013-06-06
900008800184866,2011-08-14,365.25,2016-06-30
900008800184876,2011-08-17,273.96,2016-02-25
900008800184889,2012-02-04,365.25,2015-08-11
900008800184953,2011-12-01,182.64,2016-01-13
900008800185180,2013-01-22,365.25,2016-01-12
900008800185237,2013-07-01,365.25,2015-01-22
900008800185531,2013-07-01,365.25,2016-04-29
900008800185710,2011-08-01,365.25,2014-01-14
900008800185897,2011-12-29,365.25,2012-08-11
900008800185961,2013-07-01,365.25,2014-07-10
900008800186058,2011-08-29,365.25,2013-03-15
900008800186123,2013-03-13,365.25,2013-06-30
900008800186145,2011-08-14,365.25,2012-06-04
900008800186270,2015-02-22,0,2014-06-01
900008800186270,2012-02-13,365.25,2014-06-01
900008800186270,2015-02-22,0,2015-09-28
900008800186270,2015-02-02,0,2015-09-28
900008800186273,2012-02-12,365.25,2018-06-30
900008800186426,2011-09-08,228.3,2019-09-01
900008800187265,2011-12-21,136.98,2013-03-15
900008800187424,2011-08-29,365.25,2019-09-01
900008800187573,2011-08-14,365.25,2012-12-12
900008800189427,2011-11-28,152.2,2012-05-11
900008800191412,2011-09-25,304.4,2011-12-18
900008800193817,2011-09-28,365.25,2012-06-26
900008800194034,2013-06-05,314.085,2013-11-09
900008800194122,2013-07-01,365.25,2018-06-30
900008800194676,2015-05-19,279.625,2017-06-30
900008800194677,2011-08-26,365.25,2012-08-27
900008800194772,2011-08-26,365.25,2012-03-18
900008800194979,2012-02-27,333.75,2014-03-25
900008800194984,2011-08-26,365.25,2012-06-07
900008800195031,2011-08-26,365.25,2014-08-26
900008800195031,2015-07-01,365.25,2018-06-30
900008800195034,2011-08-26,365.25,2012-04-18
900008800195104,2013-01-07,365.25,2018-06-30
900008800195109,2013-07-01,365.25,2014-11-18
900008800197157,2011-12-01,365.25,2015-05-02
900008800198642,2011-11-20,213.08,2012-09-07
900008800250955,2012-04-26,106.54,2015-08-20
900008800251078,2013-07-01,365.25,2018-05-18
900008800251166,2012-06-15,365.25,2012-12-30
900008800251166,2013-10-08,365.25,2018-07-01
900008800251191,2011-12-20,365.25,2014-12-12
900008800251295,2011-12-20,365.25,2013-05-16
900008800251337,2011-12-20,365.25,2014-01-05
900008800251965,2013-05-23,288.205,2013-10-14
900008800251972,2014-07-01,365.25,2015-09-27
900008800252004,2016-09-01,61,2019-09-01
900008800252021,2012-05-29,182.75,2018-06-30
900008800252185,2013-07-01,365.25,2016-04-24
900008800252259,2014-07-01,365.25,2015-09-27
900008800252469,2012-07-01,182.625,2014-12-27
900008800252486,2013-06-29,362.525,2013-12-27
900008800252560,2013-07-01,365.25,2017-06-30
900008800252804,2011-08-18,0,2013-11-12
900008800252807,2013-07-01,365.25,2017-05-13
900008800252812,2013-06-22,349.085,2013-12-14
900008800253014,2012-05-27,142.75,2019-09-01
900008800253018,2012-04-26,106.54,2015-08-21
900008800253088,2013-07-01,365.25,2015-11-25
900008800253217,2013-11-15,30.5,2017-06-30
900008800253232,2012-05-02,273.96,2018-06-30
900008800253380,2012-06-18,91.32,2013-04-22
900008800253419,2012-02-16,273.96,2012-07-06
900008800253538,2011-08-17,0,2014-12-14
900008800253686,2012-02-26,337.75,2017-06-30
900008800253704,2012-04-01,365.25,2016-06-06
900008800256577,2011-11-03,365.25,2015-11-26
900008800257503,2013-01-10,365.25,2015-09-17
900008800257528,2011-12-18,365.25,2012-05-06
900008800257542,2013-07-01,365.25,2018-06-30
900008800257638,2012-04-18,121.76,2019-09-01
900008800257679,2013-03-14,365.25,2015-09-30
900008800257685,2012-05-10,76.1,2016-06-30
900008800257685,2013-07-02,0,2016-06-30
900008800257731,2012-02-21,365.25,2015-08-23
900008800257752,2011-12-22,365.25,2012-12-30
900008800257776,2012-04-18,121.76,2014-09-14
900008800257817,2012-01-04,365.25,2012-06-20
900008800257826,2013-06-19,343.085,2013-12-08
900008800257872,2012-06-15,273.96,2012-12-30
900008800257949,2012-04-11,136.98,2015-07-12
900008800257950,2012-06-15,365.25,2012-12-30
900008800257953,2012-06-03,121.76,2012-09-27
900008800258465,2013-03-14,365.25,2014-02-14
900008800258554,2012-04-26,273.75,2015-05-14
900008800258753,2013-03-14,365.25,2014-01-14
900008800274889,2012-03-13,365.25,2013-04-04
900008800275232,2012-04-13,365.25,2012-11-08
900008800275506,2013-08-26,251.625,2014-01-27
900008800275564,2012-05-14,365.25,2013-04-06
900008800275770,2012-11-16,45.66,2013-03-21
900008800275819,2013-01-09,45.66,2012-12-28
900008800275857,2011-10-31,0,2016-06-30
900008800275934,2012-09-23,121.76,2012-12-13
900008800275949,2013-01-09,45.66,2013-04-01
900008800276012,2012-11-23,45.66,2013-02-19
900008800276027,2012-12-24,76.1,2013-01-28
900008800276043,2012-05-10,365.25,2017-06-30
900008800276113,2012-06-28,91.32,2013-04-04
900008800280603,2012-04-22,365.25,2013-06-06
900008800289669,2013-07-12,182.75,2016-06-30
900008800289671,2012-11-23,45.66,2015-04-18
900008800289877,2012-11-11,197.86,2014-05-11
900008800289882,2013-08-26,251.625,2015-11-18
900008800289904,2012-10-10,197.86,2013-02-18
900008800289957,2012-10-24,60.88,2017-06-30
900008800289982,2012-07-29,45.66,2012-09-22
900008800290046,2012-06-28,91.32,2013-04-04
900008800290243,2015-12-30,0,2016-06-30
900008800290243,2015-12-30,0,2015-12-14
900008800290243,2012-09-10,10.75,2015-12-14
900008800290402,2012-10-13,60.88,2013-02-19
900008800290462,2013-07-01,365.25,2014-06-26
900008800290584,2013-07-01,365.25,2019-09-01
900008800290675,2013-05-08,258.865,2013-09-15
900008800290810,2013-07-27,107,2013-10-10
900008800290843,2012-08-02,47.75,2014-04-09
900008800290945,2012-06-01,91.32,2012-10-19
900008800291063,2013-07-01,365.25,2015-12-30
900008800291127,2012-01-12,365.25,2013-03-27
900008800291234,2012-05-10,365.25,2017-06-30
900008800291407,2012-06-28,91.32,2013-04-04
900008800291602,2013-07-01,365.25,2015-05-22
900008800291801,2013-01-09,45.66,2013-04-01
900008800292155,2012-07-18,365.25,2013-11-05
900008800292196,2012-05-10,365.25,2014-09-29
900008800292275,2012-12-02,91.32,2013-03-18
900008800292276,2013-01-21,365.25,2014-04-28
900008800292305,2012-07-08,76.1,2012-12-04
900008800292439,2012-11-16,45.66,2019-09-01
900008800292546,2011-12-14,365.25,2014-06-10
900008800292548,2012-06-03,91.32,2012-11-15
900008800292796,2011-08-22,365.25,2013-12-28
900008800292911,2013-01-31,365.25,2013-12-31
900008800293171,2012-03-27,294.75,2016-06-30
900008800293288,2012-07-18,365.25,2016-06-30
900008800293363,2013-06-13,330.525,2013-11-25
900008800293372,2013-01-09,45.66,2013-04-01
900008800293687,2013-05-31,304.085,2013-10-30
900008800294082,2013-01-09,45.66,2013-07-05
900008800294157,2013-08-31,258.625,2018-06-30
900008800294164,2013-07-01,365.25,2014-10-14
900008800294195,2012-10-10,197.86,2016-06-30
900008800294387,2012-07-31,22.75,2015-07-14
900008800294394,2012-01-31,365.25,2013-09-15
900008800294466,2013-03-14,365.25,2017-06-30
900008800294593,2013-06-07,92,2014-01-31
900008800301733,2013-03-19,365.25,2016-06-30
900008800303316,2013-07-01,365.25,2019-09-01
900008800303698,2013-07-01,365.25,2014-11-27
900008800304530,2013-07-01,365.25,2014-03-28
900008800305729,2013-06-21,325.12,2013-12-01
900008800306670,2012-12-06,365.25,2016-02-18
900008800307648,2012-09-02,76.1,2013-01-14
900008800308166,2013-06-06,315.665,2013-11-11
900008800308207,2012-07-31,22.75,2017-06-30
900008800308379,2013-06-04,312.525,2013-11-07
900008800308880,2012-08-23,136.98,2015-09-12
900008800309031,2012-08-30,76.1,2018-05-18
900008800309527,2012-09-02,76.1,2013-04-15
900008800311282,2012-07-02,197.86,2013-03-29
900008800311330,2012-09-10,60.88,2012-11-14
900008800311481,2012-02-06,365.25,2016-06-30
900008800311607,2012-07-04,197.86,2012-07-30
900008800312126,2012-08-23,19.75,2018-05-18
900008800312411,2013-07-02,249.46,2013-11-04
900008800312509,2016-03-05,0,2016-03-05
900008800312509,2013-07-01,365.25,2015-12-14
900008800312509,2016-03-05,0,2015-12-14
900008800312573,2013-07-01,365.25,2015-07-06
900008800312613,2013-07-01,365.25,2014-03-07
900008800312633,2012-03-24,273.96,2015-03-18
900008800312680,2013-07-01,365.25,2014-10-16
900008800312726,2013-07-08,349.625,2016-07-08
900008800312769,2013-01-15,365.25,2019-09-01
900008800312774,2013-02-20,307,2013-12-19
900008800312858,2011-08-14,365.25,2014-11-04
900008800312954,2013-07-17,365.25,2014-03-12
900008800313008,2016-09-01,61,2019-09-01
900008800313092,2012-11-19,60.88,2014-05-10
900008800313308,2013-07-01,365.25,2014-04-06
900008800313309,2013-06-02,308.305,2013-11-03
900008800313313,2013-07-01,77,2017-06-30
900008800313327,2013-01-08,365.25,2013-11-12
900008800313346,2012-03-24,273.96,2015-03-18
900008800313364,2012-10-03,106.54,2014-07-27
900008800313420,2012-06-23,365.25,2012-09-04
900008800313456,2012-11-05,76.1,2017-06-30
900008800313497,2013-07-01,365.25,2017-06-30
900008800313540,2013-07-01,365.25,2014-10-16
900008800313667,2013-07-01,365.25,2016-06-30
900008800313752,2012-07-27,106.54,2019-09-01
900008800313826,2013-07-30,305.625,2014-01-04
900008800313875,2012-06-16,182.75,2019-09-01
900008800313921,2012-01-23,365.25,2012-11-03
900008800313969,2013-05-18,229,2016-05-18
900008800314409,2013-07-01,365.25,2018-06-30
900008800314410,2013-07-01,365.25,2016-06-30
900008800314434,2013-12-28,0,2013-12-28
900008800314434,2012-08-20,182.64,2013-12-28
900008800314484,2012-01-29,365.25,2018-06-30
900008800314685,2013-07-01,365.25,2014-05-12
900008800314714,2012-08-09,76.1,2014-02-06
900008800314857,2013-11-05,365.25,2017-06-30
900008800314946,2011-08-18,0,2016-06-30
900008800315025,2011-08-17,365.25,2014-03-22
900008800315037,2012-05-31,121.76,2013-02-14
900008800315053,2013-06-28,359.525,2013-12-24
900008800315069,2012-11-19,365.25,2017-06-30
900008800315075,2012-05-31,365.25,2013-07-19
900008800315083,2013-02-05,337,2015-01-20
900008800315200,2013-02-05,337,2015-01-20
900008800315275,2013-07-01,365.25,2014-05-12
900008800315287,2012-04-02,228.3,2013-03-12
900008800315311,2012-09-19,365.25,2013-05-10
900008800315325,2012-11-19,60.88,2013-05-14
900008800315342,2013-07-08,349.625,2016-07-08
900008800315364,2013-07-01,365.25,2014-03-30
900008800315428,2013-07-01,365.25,2016-04-15
900008800315450,2013-07-30,305.625,2016-07-30
900008800315501,2012-05-31,121.76,2012-06-21
900008800315597,2012-04-25,273.96,2013-05-06
900008800315605,2013-12-22,120.625,2015-11-16
900008800315623,2013-07-01,365.25,2016-06-30
900008800315709,2013-07-01,365.25,2015-12-24
900008800315721,2012-06-10,121.76,2019-09-01
900008800315822,2013-06-12,329.085,2013-11-24
900008800315919,2011-12-12,365.25,2017-06-30
900008800316146,2014-06-09,323.205,2014-11-18
900008800316147,2013-06-11,326.525,2013-11-21
900008800316205,2013-08-19,265.625,2015-09-17
900008800316273,2013-03-15,261,2013-11-19
900008800316367,2014-05-24,290.625,2019-09-15
900008800316502,2013-07-01,365.25,2014-10-16
900008800316579,2013-07-01,365.25,2014-03-07
900008800316630,2013-07-01,365.25,2018-06-30
900008800316871,2011-08-17,0,2015-07-13
900008800316971,2013-09-12,217.625,2015-07-03
900008800317002,2013-07-01,365.25,2014-01-14
900008800317005,2013-04-29,30.5,2017-06-30
900008800317096,2012-09-08,91.32,2018-06-30
900008800318626,2013-07-01,365.25,2015-06-27
900008800318840,2013-06-12,189.36,2013-09-15
900008800319428,2013-07-01,365.25,2017-06-30
900008800319768,2013-07-01,365.25,2016-06-30
900008800320982,2013-09-21,200.625,2016-09-21
900008800321125,2013-05-25,293.085,2013-10-19
900008800321331,2013-07-01,365.25,2016-04-15
900008800321581,2013-08-22,260.625,2015-12-03
900008800321587,2013-07-01,365.25,2017-06-30
900008800323127,2012-04-13,258.77,2018-06-30
900008800325042,2012-08-23,136.98,2013-01-14
900008800325121,2012-08-15,365.25,2019-09-01
900008800326264,2012-08-02,77.75,2018-06-30
900008800326397,2012-07-06,106.75,2019-09-01
9000088004000860,2012-10-13,60.88,2013-06-20
900008800400850,2012-10-13,60.88,2013-06-20
900008800400851,2012-10-13,60.88,2013-04-06
900008800400853,2012-09-30,91.32,2014-05-08
900008800400854,2012-10-13,60.88,2013-04-06
900008800400855,2012-05-16,365.25,2014-05-08
900008800400856,2012-10-13,60.88,2013-04-06
900008800400857,2012-10-13,60.88,2013-04-06
900008800400858,2012-09-13,121.76,2013-04-06
900008800400900,2011-12-22,365.25,2017-06-30
900008800400900,2015-12-01,0,2017-06-30
900008800400905,2013-07-01,365.25,2018-06-30
900008800400970,2013-07-01,365.25,2014-10-21
900008800400973,2013-07-01,365.25,2019-09-01
900008800400974,2013-07-01,365.25,2014-10-21
900008800400975,2013-02-13,324,2016-06-30
900008800400977,2013-07-01,365.25,2014-06-27
900008800400979,2013-07-01,365.25,2015-11-17
900008800400981,2013-07-01,365.25,2019-09-01
900008800400982,2011-12-19,365.25,2014-05-26
900008800400983,2013-07-01,365.25,2014-12-14
900008800401002,2012-11-27,365.25,2016-06-30
900008800401004,2013-01-29,239,2016-06-30
900008800401005,2012-11-02,8.75,2014-04-03
900008800401040,2013-08-08,202.7,2013-11-17
900008800401045,2013-07-01,365.25,2015-02-20
900008800401046,2013-05-16,273.96,2014-03-10
900008800401047,2013-07-01,365.25,2014-01-17
900008800401048,2013-07-01,365.25,2013-12-09
900008800403261,2012-08-29,365.25,2016-06-06
900008800403262,2013-02-22,273.96,2019-09-01
900008800403263,2013-02-15,91.32,2013-06-25
900008800403266,2013-02-15,76.1,2013-06-25
900008800403269,2013-08-22,260.625,2016-03-03
900008800403320,2012-12-15,331,2015-10-28
900008800403325,2013-07-01,365.25,2014-01-01
900008800403326,2013-07-01,365.25,2014-11-17
900008800403330,2012-11-09,60.88,2013-03-25
900008800403331,2012-09-22,136.98,2013-05-14
900008800403332,2012-11-09,60.88,2013-03-25
900008800403333,2012-08-20,182.64,2014-03-11
900008800403334,2012-10-03,106.54,2013-05-25
900008800403335,2012-11-09,60.88,2013-03-25
900008800403336,2012-08-20,182.64,2013-01-30
900008800403338,2012-10-20,60.88,2019-09-01
900008800403339,2012-09-12,136.98,2015-08-31
900008800403620,2012-10-03,106.54,2013-05-25
900008800403622,2012-10-03,106.54,2013-05-25
900008800403626,2013-07-01,365.25,2014-01-27
900008800403627,2012-03-29,199.75,2015-09-02
900008800403628,2013-01-12,360,2016-06-30
900008800403770,2012-07-18,365.25,2016-06-30
900008800403771,2013-01-09,45.66,2013-04-01
900008800403772,2012-12-03,91.32,2013-04-02
900008800403773,2012-10-07,228.3,2012-09-30
900008800403776,2012-12-15,91.32,2013-04-20
900008800403777,2011-08-17,0,2013-01-10
900008800403778,2013-01-04,76.1,2016-02-01
900008800403779,2012-10-07,228.3,2012-09-30
900008800403801,2013-07-01,365.25,2014-11-18
900008800403805,2013-07-09,348.625,2019-09-01
900008800403807,2013-07-01,365.25,2014-01-08
900008800403808,2013-07-01,365.25,2015-06-30
900008800404032,2013-03-12,365.25,2014-09-20
900008800404033,2012-01-15,365.25,2015-01-21
900008800404033,2015-01-23,0,2015-01-21
900008800404033,2015-01-23,0,2017-06-30
900008800404036,2013-03-12,365.25,2014-11-24
900008800404037,2012-03-12,365.25,2014-02-14
900008800502479,2011-08-14,365.25,2014-06-10
900008800503013,2011-08-17,0,2013-12-27
900008800503031,2011-10-31,0,2012-11-23
900008800503201,2011-10-31,0,2012-02-09
900008800503211,2011-08-17,0,2013-05-25
900008800503325,2012-10-02,17.5,2014-01-08
900008800503386,2012-10-04,60.88,2013-11-05
900008800503448,2011-08-18,0,2013-05-06
900008800503506,2012-10-11,60.88,2018-06-30
900008800503597,2011-10-31,0,2013-03-21
900008800503628,2011-08-18,0,2013-05-06
900008800503860,2011-08-18,0,2017-06-30
900008800504036,2011-10-31,0,2017-06-30
900008800504053,2011-08-17,0,2013-11-28
900008800504130,2012-10-02,17.5,2019-09-01
900008800504354,2011-08-15,0,2011-12-03
900008800504364,2011-08-17,0,2012-11-15
900008800504392,2011-08-18,0,2011-11-16
900008800504452,2011-08-18,0,2019-09-01
900008800504585,2011-08-17,0,2012-11-10
900008800504759,2011-08-18,0,2011-12-10
900008800504920,2011-08-15,0,2014-08-14
900008800505341,2011-10-31,0,2012-01-25
900008800505861,2011-10-16,365.25,2015-10-30
900008800506200,2012-08-23,106.54,2012-09-15
900008800506714,2012-08-24,136.98,2013-06-07
900008800506976,2013-07-01,365.25,2015-06-29
900008800507026,2011-08-18,0,2019-09-01
900008800507044,2011-08-18,0,2018-06-30
900008800507076,2011-10-31,0,2019-09-01
900008800507176,2011-07-17,365.25,2015-10-30
900008800507177,2011-08-14,365.25,2013-11-20
900008800507223,2012-07-31,58.75,2014-10-04
900008800507234,2011-08-18,0,2019-08-16
900008800507386,2011-08-17,0,2012-11-10
900008800507410,2011-08-18,0,2011-10-25
900008800507477,2011-08-17,0,2012-11-10
900008800507586,2011-08-17,365.25,2013-03-17
900008800507871,2011-08-18,0,2012-07-01
900008800507928,2011-10-31,0,2013-04-29
900008800508016,2012-03-02,365.25,2019-09-01
900008800508144,2011-08-18,0,2012-07-16
900008800508147,2011-10-31,0,2013-07-11
900008800508350,2011-08-14,365.25,2011-12-11
900008800508356,2012-10-04,60.88,2013-11-05
900008800508615,2011-08-15,0,2011-12-06
900008800508623,2013-07-01,365.25,2018-06-30
900008800508921,2011-08-17,0,2012-06-08
900008800508928,2011-08-15,0,2019-09-01
900008800508944,2011-12-14,365.25,2013-11-20
900008800509300,2011-08-17,0,2011-12-10
900008800509528,2011-08-16,365.25,2014-02-15
900008800509583,2011-08-15,0,2015-03-03
900008800509859,2011-08-18,0,2011-12-10
900008800509994,2011-10-31,0,2016-06-30
900008800510498,2011-08-17,0,2012-01-26
900008800510931,2011-08-15,0,2013-11-28
900008800511151,2011-08-16,365.25,2014-08-16
900008800513651,2011-05-31,365.25,2014-04-23
900008800513742,2011-08-17,0,2012-06-11
900008800513792,2011-10-31,0,2014-11-24
900008800513885,2011-08-17,0,2014-04-03
900008800513921,2011-10-31,0,2014-11-19
900008800513963,2011-08-16,365.25,2014-08-16
900008800513984,2011-10-31,0,2013-12-10
900008800514159,2011-08-18,0,2012-01-16
900008800514240,2011-10-31,0,2015-01-19
900008800514434,2011-10-31,0,2012-08-17
900008800514440,2011-08-14,365.25,2016-06-30
900008800514620,2011-08-18,0,2014-01-19
900008800514754,2011-06-02,365.25,2012-06-06
900008800515183,2011-08-16,365.25,2017-06-30
900008800515321,2011-10-31,0,2012-04-21
900008800515524,2011-10-31,0,2013-07-06
900008800515794,2011-10-31,0,2012-01-31
900008800516619,2011-08-17,0,2012-04-30
900008800516628,2011-08-18,0,2011-12-10
900008800516860,2011-08-17,0,2011-11-11
900008800516997,2011-08-18,0,2016-06-30
900008800517205,2011-08-17,0,2012-04-18
900008800517475,2011-08-17,0,2014-01-20
900008800517723,2011-10-31,0,2018-06-30
900008800517736,2011-08-15,0,2014-08-14
900008800517761,2011-10-31,0,2019-09-01
900008800517787,2011-10-31,0,2013-08-17
900008800517796,2011-08-17,0,2012-11-27
900008800517798,2011-10-31,0,2014-10-30
900008800517812,2011-08-17,0,2013-12-16
900008800517858,2011-10-31,0,2012-05-14
900008800517863,2011-08-16,197.86,2013-05-13
900008800517881,2011-08-15,0,2014-08-14
900008800517922,2011-08-18,0,2011-10-25
900008800517993,2011-08-15,0,2014-08-14
900008800518042,2011-08-18,0,2013-05-12
900008800518051,2011-08-17,0,2011-11-25
900008800518058,2011-08-18,0,2018-06-30
900008800518077,2011-10-31,0,2015-11-07
900008800518109,2011-08-18,0,2012-07-16
900008800518121,2011-10-31,0,2015-04-21
900008800518146,2011-10-31,0,2012-05-31
900008800518287,2011-10-31,0,2013-03-21
900008800518756,2011-10-31,0,2013-03-21
900008800519282,2011-08-18,0,2012-07-16
900008800520581,2011-08-18,0,2011-12-14
900008800520619,2011-08-18,0,2011-12-14
900008800520704,2011-08-18,0,2015-12-07
900008800520725,2011-08-17,0,2017-06-30
900008800520737,2011-08-17,0,2011-10-20
900008800520825,2011-08-17,0,2017-06-30
900008800521046,2011-08-18,0,2011-12-14
900008800521052,2011-08-18,0,2019-09-01
900008800521131,2011-08-18,0,2011-12-24
900008800521257,2011-08-18,0,2015-11-18
900008800521482,2011-10-31,0,2014-01-25
900008800521650,2011-08-16,365.25,2017-06-30
900008800521732,2011-08-18,0,2014-06-12
900008800521738,2011-08-17,0,2011-10-20
900008800521808,2011-08-18,0,2019-09-01
900008800521882,2011-10-31,0,2013-08-10
900008800521885,2011-08-17,0,2013-12-30
900008800521932,2011-08-18,0,2011-12-14
900008800522117,2011-08-17,0,2018-06-30
900008800522250,2011-08-16,365.25,2013-04-02
900008800522288,2011-08-17,0,2014-01-05
900008800522298,2011-08-17,0,2012-06-11
900008800522364,2011-08-17,0,2013-10-12
900008800522441,2011-08-17,0,2013-01-30
900008800522503,2011-08-18,0,2013-03-29
900008800522518,2011-10-31,0,2014-01-25
900008800550709,2011-10-31,0,2013-11-25
900008800693400,2013-12-02,104.625,2017-06-30
900008800693408,2014-07-01,365.25,2019-09-01
900008800693409,2013-12-02,104.625,2014-05-23
900008800693565,2013-08-08,288.625,2019-08-16
900008800695290,2013-08-18,268.625,2014-01-09
900008800695291,2013-09-08,250.625,2016-08-27
900008800695294,2013-07-01,365.25,2015-07-10
900008800695295,2013-08-18,268.625,2014-01-09
900008800695296,2013-08-18,268.625,2015-07-17
900008800695298,2013-08-18,268.625,2015-06-16
900008800695299,2013-11-15,30.5,2017-06-30
900008800695711,2015-07-01,365.25,2019-09-01
900008800695766,2013-11-26,68.625,2018-06-30
900008800695767,2013-12-11,65.625,2019-09-01
900008800695768,2013-09-21,200.625,2016-09-21
900008800695769,2014-02-10,95.625,2019-09-01
900008800695801,2011-10-30,365.25,2019-09-01
900008800695803,2013-09-21,200.625,2015-12-01
900008800695804,2013-07-01,365.25,2017-06-30
900008800695805,2013-07-25,182.75,2015-02-19
900008800695806,2013-09-11,194.46,2013-12-17
900008800695807,2013-08-18,267.625,2017-05-24
900008800695808,2013-07-01,365.25,2019-09-01
900008800695809,2013-09-18,206.625,2017-05-24
900008800695809,2015-07-20,0,2017-05-24
900008800793135,2014-09-07,168,2019-09-01
900008800793139,2015-05-23,287.625,2016-03-11
90000880082083,2011-08-02,365.25,2013-12-15
900008800973132,2014-07-15,303.625,2019-09-01
90000880177702,2011-08-30,365.25,2011-12-11
90000880695715,2013-08-08,288.625,2019-08-16
900008809185011,2011-08-17,0,2012-04-08
90003200285270,2013-07-12,365.25,2018-06-30
900032002858259,2016-09-01,61,2019-09-01
900032002858263,2013-09-11,220.625,2018-06-30
900032002858266,2016-05-20,0,2016-12-15
900032002858272,2016-09-01,61,2019-09-01
900032002858276,2013-03-12,365.25,2018-06-30
900032002858277,2013-03-09,274,2018-06-30
900032002858484,2016-09-01,61,2019-09-01
900032002858489,2016-03-01,59,2019-03-01
900032002858491,2016-09-01,61,2019-09-01
900032002858493,2016-03-01,59,2019-03-01
900032002858494,2016-09-01,61,2019-09-01
900032002858497,2016-09-01,61,2019-09-01
90003200858496,2016-09-01,61,2019-09-01
900088000177504,2011-07-08,0,2011-07-30
900088000502878,2012-08-18,136.98,2013-06-22
900088000504249,2012-07-10,197.86,2018-06-30
900088000506128,2012-01-10,365.25,2015-12-07
900088000506327,2012-04-23,365.25,2015-04-11
900088000506911,2011-08-29,182.64,2015-02-19
900088000507212,2011-07-12,365.25,2012-05-01
900088000507334,2012-07-16,41.75,2017-06-30
900088000507393,2011-07-17,365.25,2015-10-30
900088000507500,2012-07-17,365.25,2013-11-09
900088000507984,2011-10-09,91.32,2014-10-09
900088000508256,2012-06-08,273.96,2015-08-10
900088000508623,2012-04-26,365.25,2015-02-09
900088000510217,2013-07-17,365.25,2015-05-14
900088000513566,2011-10-15,91.32,2012-05-01
900088000513602,2011-10-15,91.32,2018-06-30
900088000513844,2012-09-02,106.54,2013-08-31
900088000514503,2011-09-07,167.42,2014-04-23
900088000514531,2011-07-12,365.25,2012-05-01
900088000514630,2011-08-15,213.08,2012-07-31
900088000514644,2011-08-17,213.08,2019-09-01
900088000514920,2011-05-31,365.25,2013-02-05
900088000515266,2011-09-12,182.64,2013-08-10
900088000515480,2011-06-01,365.25,2014-06-01
900088000516741,2011-06-14,365.25,2013-02-14
900088000520949,2011-08-18,0,2015-11-06
90008800251461,2012-06-15,152.2,2012-12-30
900182001222261,2016-09-01,61,2019-09-01
900182001222265,2016-09-01,61,2019-09-01
900182001222281,2016-09-01,61,2019-09-01
900182001222283,2016-09-01,61,2019-09-01
900182001222287,2016-09-26,0,2019-09-01
900182001222298,2016-09-01,61,2019-09-01
900182001222299,2016-09-01,61,2019-09-01
900182001222300,2016-09-01,61,2019-09-01
900182001222394,2016-09-01,61,2019-09-01
900182001222397,2016-09-01,61,2019-09-01
9001821222332,2016-09-01,61,2019-09-01
95010000152191/900008800693560,2015-05-18,278.625,2018-06-30
952010000152187,2014-10-07,168.625,2019-09-01
953010000144919,2014-08-01,168,2019-09-01
953010000145082,2014-05-24,289.625,2019-08-03
953010000145104,2013-07-01,365.25,2019-09-01
953010000145120,2014-07-01,365.25,2018-06-30
953010000145172,2014-08-20,107,2015-09-21
953010000148485,2015-11-26,36,2018-11-25
953010000148489,2015-07-01,365.25,2018-06-30
953010000148566,2014-09-04,234.625,2018-06-30
953010000148570,2014-01-03,41.625,2015-07-29
953010000148574,2014-01-02,90.625,2016-11-15
953010000148596,2014-07-01,365.25,2017-06-30
953010000149285,2014-07-18,187,2019-09-01
953010000149301,2014-07-01,365.25,2015-04-08
953010000149307,2014-07-01,365.25,2015-04-08
953010000149398,2015-05-19,279.625,2018-05-18
953010000149406,2013-01-27,365.25,2015-01-07
953010000149426,2013-07-01,365.25,2015-03-07
953010000149434,2014-07-01,365.25,2018-06-30
953010000149583,2015-05-19,279.625,2018-08-15
953010000149682,2013-01-16,365.25,2016-06-30
953010000149690,2013-10-01,179.625,2015-01-01
953010000149884,2014-12-10,126.625,2018-06-30
953010000150686,2015-05-19,279.625,2016-01-04
953010000150779,2015-07-01,365.25,2018-06-30
953010000151706,2013-06-21,365.25,2018-06-30
953010000151710,2016-04-07,0,2016-04-04
953010000151710,2015-07-01,365.25,2016-04-04
953010000151710,2016-04-07,0,2019-09-01
953010000151710,2015-07-01,365.25,2019-09-01
953010000151718,2014-07-19,274,2015-07-23
953010000151722,2013-12-03,365.25,2018-06-30
953010000151728,2014-07-01,365.25,2018-09-14
953010000152179,2014-07-01,365.25,2017-06-30
953010000152183,2014-10-07,168.625,2016-01-21
953010000152195,2014-09-08,225.625,2018-06-30
953010000152197,2013-12-19,21.625,2016-12-19
953010000152205,2014-07-05,356.625,2018-06-30
953010000152948/953010000149828,2015-07-01,365.25,2018-06-30
953010000152962,2013-12-14,31.625,2014-12-16
953010000152984,2014-09-26,189.625,2015-04-18
953010000152990,2014-09-26,189.625,2015-09-03
953010001151725,2014-07-16,334.625,2018-06-30
953032002858478,2016-09-01,61,2019-09-01
Ally-m-7-E-40153,2014-06-16,336.885,2014-12-02
Amkuta-f-e-20021,2014-11-15,30.5,2015-08-12
Andiswitivanga-f-e-50010,2015-07-01,365.25,2019-09-01
andzi-r5-e-50070,2013-09-19,203.625,2014-02-13
Ash-m-c-40123,2015-05-30,287.625,2019-09-01
Aswinamhaka-f-11-e-50163,2016-09-15,30,2019-09-15
avalavi-f-e-20031,2013-01-09,365.25,2014-05-13
Awunditekelayini-m-7-C-60385,2014-08-29,246.625,2018-06-30
Babitjie-m-11-c-70072,2015-12-04,0,2019-09-01
Banny-m-e-40046,2014-11-12,365.25,2018-06-30
batozda-m-c-1169,2011-08-15,0,2011-12-14
black-m-20161,2011-08-17,0,2011-10-12
Black-m-e-30192,2015-03-30,77.625,2015-12-05
blackpup1-m-c-20144,2011-08-18,0,2012-03-01
blackpup2-f-c-20144,2011-08-18,0,2012-03-01
blacky-f-e-20031,2013-01-09,365.25,2018-06-30
Blacky-m-7-E-50156,2015-07-01,365.25,2018-06-30
blacky-m-e-40221,2011-08-18,0,2012-12-11
blondy-f-c-20152,2013-06-03,309.305,2013-11-04
Bobby-5-f-c-60308,2013-07-01,365.25,2015-01-07
Bobby-f-12-c-50177,2016-09-01,61,2019-09-01
bobby-f-c-30015,2011-06-02,365.25,2012-11-05
bobby-f-e-60028,2011-07-11,365.25,2013-05-16
Bobby-m-12-c-40225,2016-09-01,61,2019-09-01
Bobby-m-7-C-60083,2014-03-28,94.625,2014-12-04
Bobby-m-7-C-60308,2014-07-01,365.25,2019-09-01
bobby-m-c-1138,2011-08-17,0,2017-06-30
bobby-m-c-1391a,2011-08-18,0,2013-02-14
bobby-m-c-20252,2013-08-24,256.625,2016-08-24
bobby-m-c-60160,2013-07-01,365.25,2015-12-18
Bobby-m-e-40030,2015-07-05,316,2018-07-04
bobby-m-e-40154,2013-07-01,365.25,2019-09-01
bobby-m-e-40187,2011-08-18,0,2014-03-06
bobby-m-e-40222,2011-08-17,365.25,2011-12-11
bobby-m-e-50065,2013-01-24,365.25,2015-02-22
bobby-m-e-50215,2013-07-01,365.25,2014-05-29
bobby-round1,2011-08-15,0,2012-06-18
bosman-m-c-60274,2013-07-01,365.25,2018-06-30
Bova-m-c-60270,2015-09-27,107,2019-09-01
brackie-m-c-40192,2014-12-05,252.625,2018-06-30
brackie-m-c-40192,2014-12-05,0,2014-06-06
brackie-m-c-40192,2013-08-26,252.625,2014-06-06
bracky-f-c-20297,2013-07-01,365.25,2014-02-28
Bracky-m-11-c-30131,2016-09-01,61,2019-09-01
Bracky-m-12-e-40096,2016-09-01,61,2019-09-01
Bracky-m-e-40092,2014-08-21,359.625,2015-09-25
Brankie-m-e-50153,2016-09-01,61,2019-09-01
brave-f-c-60272,2013-07-12,182.625,2013-07-13
brown-e-40108,2011-08-17,365.25,2011-11-14
brown-f-c-20161,2011-08-17,0,2011-12-27
brown-m-c-40240,2014-07-01,365.25,2018-06-30
brown-m-c-60366,2014-07-01,365.25,2019-09-01
brown-m-c-70081,2013-07-22,365.25,2017-06-30
Buckbdud-f-8-C-462h,2014-09-28,205.625,2015-10-26
bulazy-m-e-50044,2014-07-01,365.25,2017-06-30
bull-88-c-1160,2011-08-16,365.25,2014-02-15
bull-m-c-1137,2015-07-01,365.25,2018-06-30
bull-m-c-20203,2011-12-19,365.25,2019-09-01
bull-m-c-30116,2011-08-14,365.25,2017-06-30
Bull-m-c-70053,2015-08-11,217.625,2017-09-12
bull-r1-c-60204,2011-07-04,365.25,2011-09-17
Bulungwa-m-7-C-50078,2014-07-01,365.25,2018-06-30
Buluvezi-m-c-60316,2015-01-06,54.625,2015-11-01
Bunga-m-7-C-50078,2014-09-08,226.625,2016-02-23
C-1160-f-Sibie,2016-09-01,61,2019-09-01
C-1177-m-Funani,2016-09-01,61,2019-09-01
C-20022-f-Sibie,2014-03-10,3.625,2017-06-30
C-20118-m-Sibie,2014-07-01,365.25,2015-07-13
C-20120-f1-Noname,2014-07-10,345.625,2015-01-28
C-20120-f2-Noname,2014-07-10,345.625,2015-01-28
C-20120-f3-Noname,2014-07-10,345.625,2015-01-28
C-20120-f4-Noname,2014-07-10,345.625,2015-01-28
C-20120-f-Fox,2013-09-22,365.25,2017-06-30
C-20120-f-Zulu,2014-07-01,365.25,2017-06-30
C-20120-m1-Noname,2014-07-10,345.625,2017-07-10
C-20120-m2-Noname,2014-07-10,345.625,2017-07-10
C-20120-m3-Noname,2014-07-10,345.625,2015-01-28
C-20226-m-Jokey,2013-11-30,76.625,2018-06-30
C-20230-f-Blackbarket,2015-06-17,338.645,2015-12-04
C-20230-m-Mandzhotswana,2015-04-10,201.665,2015-07-20
C-30032-m2-Noname,2014-07-01,365.25,2015-11-21
C-30032-m-Brown,2014-07-01,365.25,2017-06-30
C-30037-f-Danger,2014-01-24,6.625,2014-02-09
C-30093-m-Noname,2013-11-14,365.25,2014-06-02
C-30100-f-Avanwitekanga,2013-12-15,61.625,2015-11-14
C-40163-m-Vatakarhala,2013-07-01,365.25,2018-06-30
C-40219-f-white,2013-12-29,44.625,2015-08-31
C-50026-f-Enough,2014-06-09,310.14,2014-11-11
C-50092-m-Vanamina,2016-09-01,61,2019-09-01
C-50097-m-Danger,2014-07-01,365.25,2015-02-22
C-50117-f-Sibie,2016-09-01,61,2019-09-01
C-50136-m-Danger,2013-07-01,365.25,2019-09-01
C-50141-m1-noname,2014-08-11,282.625,2017-05-11
C-50141-m2-noname,2014-08-11,282.625,2017-05-11
C-60067-m-Basani,2013-11-12,365.25,2014-10-27
C-60089-f-Diaroge,2014-07-01,365.25,2019-09-01
C-60221-m1-Noname,2014-07-30,305.625,2017-07-30
C-60302-f-6-Noname,2014-07-05,356.625,2019-09-01
C-70053-m-Malisa,2014-07-01,365.25,2017-06-30
champ-f-e-20067,2011-08-16,365.25,2014-02-15
Chilli-m-c-60103,2012-05-05,228.75,2015-05-06
chita-m-e-40256,2012-06-17,182.75,2019-09-01
chobede-m-e-40270,2011-08-17,182.625,2013-01-17
chomy-m-e-40256,2012-06-17,182.75,2019-09-01
Chuza-m-c-40025,2014-07-01,365.25,2017-06-30
cliff-f-c-40134,2014-07-01,365.25,2015-08-03
dacock-m-e-20067,2011-08-16,365.25,2013-07-06
Danger-f-7-C-40078,2013-07-01,365.25,2015-06-27
Danger-f-7-C-50105,2015-12-30,0,2016-11-22
Danger-f-7-C-50105,2014-06-24,0,2016-11-22
Danger-m-11-c-60302,2016-09-01,61,2019-09-01
Danger-m-7-C-60014,2014-04-25,112.625,2014-07-16
Danger-m-9-c-40069,2015-06-11,281.625,2018-06-30
danger-m-c-40098,2011-09-11,365.25,2015-02-25
danger-m-c-40227,2012-06-16,182.625,2012-12-16
Danger-m-c-462g,2016-09-01,61,2019-09-01
danger-m-c-60014,2013-10-02,177.625,2014-11-23
danger-m-e-40221,2011-08-18,0,2017-06-30
danger-m-e-40256,2012-12-17,365.25,2019-09-01
Desha-m-11-c-70072,2015-07-01,365.25,2019-09-01
dlawela-m-c-40282,2011-12-10,3.5,2013-04-06
docter-m-e-40109,2011-08-18,0,2011-10-29
doe1-f-e-40113,2011-08-18,0,2012-11-28
doe2-f-e-40113,2011-08-18,0,2012-11-28
dog2-f-e-20029,2011-08-18,0,2012-05-16
dog3-m-e-20029,2015-07-01,365.25,2015-09-12
dog3-m-e-20029,2011-08-18,0,2014-08-17
dog3-m-e-40109,2011-08-18,0,2011-10-29
dog4-f-e-20029,2011-08-18,0,2012-05-16
dog4-f-e-40109,2011-08-18,0,2011-10-29
dog-f-e-20029,2011-08-18,0,2013-03-17
Donsa-m-7-C-50157,2016-09-01,61,2019-09-01
dontknow-r1-c-20246,2011-08-17,365.25,2013-04-03
dubsy-m-c-40265,2011-06-08,365.25,2010-12-08
Duch-m-e-40131,2014-09-19,365.25,2017-06-30
dupsy-m-c-40264,2013-07-17,182.625,2013-07-18
E-20119-m-Noname,2013-06-15,333.645,2013-11-29
E-30079-m-Blacky,2013-12-07,54.625,2015-10-23
E-40157-m-Bobby,2014-01-03,118.625,2019-09-01
flanky-f-e-20031,2013-01-09,365.25,2016-01-10
fleekcy-f-c-30057,2013-08-16,271.625,2014-03-31
flight-f-e-40256,2012-12-17,365.25,2014-03-08
fly-m-c-1137,2013-08-29,245.625,2018-06-30
freedom-e-30038,2012-08-29,365.25,2013-04-18
gaza-m-e-40256,2012-06-17,182.75,2014-09-28
gaz-m-c-1169,2011-08-15,0,2011-12-14
Gettys-F-7-E-50255,2015-07-01,365.25,2019-09-01
gingirikani-f-C-462g,2016-09-01,61,2019-09-01
Gubsy-f-11-c-60302,2016-09-01,61,2019-09-01
Guffy-m-e-30192,2015-03-30,351.625,2015-10-18
Gwala-f-7-C-60150,2014-07-17,178,2018-05-18
gwanja-m-c-40105,2013-07-01,365.25,2016-01-16
Hinkwakoswikona-f-c-60361,2015-08-06,274,2018-07-11
huis-m-c-20161,2013-06-23,236.46,2013-10-19
jacily-m-e-40155,2014-06-16,335.885,2014-12-01
Japie-m-7-C-50148,2014-02-17,362.625,2015-06-29
Jealous-f-e-50163,2015-07-01,365.25,2019-09-15
jeje-m-e-40249,2012-01-22,365.25,2015-01-21
Jeje-m-e-50249,2015-07-01,365.25,2018-06-30
kalito-m-C-70052,2013-07-13,365.25,2013-07-14
kapakayi-f-e-40256,2012-12-17,365.25,2014-09-28
Khensi-f-7-C-50137,2016-09-01,61,2019-09-01
khensi-m-c-60295,2014-05-26,293.625,2015-07-29
Kho-f-c-60308,2014-12-08,365.25,2019-08-16
Khokho-m-12-c-30259,2016-09-01,61,2019-09-01
khombo-m-c-40093,2013-09-17,207.625,2014-11-13
King-m-c-40219,2015-07-08,349.625,2018-04-08
kita-m-c-60366,2014-07-01,365.25,2019-09-15
Kufi-m-11-c-30048,2016-09-01,61,2019-09-01
Leeu-m-e-60070,2016-09-01,61,2019-09-01
lizbet-f-e-40152,2011-08-18,0,2014-02-13
Lunghi-m-11-e-6036g,2016-09-01,61,2019-09-01
Mabvokwana-m-8-C-60295,2014-08-20,43.7,2014-09-11
Mahlanganakuhleka-m-7-C-50078,2014-09-29,184.625,2016-02-23
makepisana-m-c-60366,2014-07-01,365.25,2019-09-15
mamitahinkwaswo-m-c-60150,2013-05-12,30.5,2018-05-18
Manghwanyana-f-c-50021,2015-07-21,0,2018-04-18
Manjanyana-m-e-30025,2015-07-15,336.625,2016-01-24
Maphikwa-f-7-c-60044,2013-07-01,365.25,2016-06-30
Masosota-m-E-30084,2014-07-01,365.25,2015-10-23
Matakusha-f-11-c-70072,2016-09-01,61,2019-09-01
Matsiva-f-e-50148,2014-07-01,365.25,2016-02-12
mavholo-m-e-50233,2011-07-13,365.25,2011-10-22
Mavhukuvhuku-m-11-c-20230,2016-09-01,61,2019-09-01
mavhu-m-e-40222,2011-08-18,0,2011-12-11
Mavondzo-m-7-C-50012,2014-07-01,365.25,2018-06-30
Mbilwana-f-7-C-20208,2014-08-04,295.625,2017-05-05
Meshia-f-c-40189,2015-07-30,274,2016-04-10
mida-f-e-20055,2011-08-18,0,2012-02-23
Mizikayifani-m-c-20085,2015-08-26,232.625,2017-09-05
mthandafini-m-c-738,2011-06-12,365.25,2012-07-31
Mudhli-m-11-c-70072,2015-07-20,0,2019-09-01
mugani-m-c-50135,2013-07-01,365.25,2017-06-30
Muntiwamina-f-8-C-20298,2014-05-07,255.625,2015-02-08
Musa-m-c-60386,2015-10-10,66.625,2017-11-27
mwamahanqile-m-c-60223,2012-03-20,319.65,2013-07-13
mzondiwa-m-c-50010,2013-07-01,365.25,2019-09-01
Nchoncho-f-10-e-50234,2015-11-03,254.625,2019-09-01
Nconalanga-f-e-40256,2014-07-07,351.625,2019-09-01
Ndikuyini-m-11-e-50164,2016-04-15,0,2014-06-21
Ndikuyini-m-11-e-50164,2013-12-10,40.625,2014-06-21
ndunga-m-c-20120,2011-08-18,0,2013-03-29
nelly-f-c-1152,2011-08-17,0,2012-12-15
nghwendza-m-e-30102,2013-07-29,365.25,2019-09-01
nhlala-m-e-20058,2011-08-18,0,2016-05-15
Nhunsi-f-8-C-60295,2014-10-08,68.58,2014-11-11
Nkarhi-m-e-50010,2015-07-01,365.25,2019-09-01
Noname1-m-7-C-20104,2016-09-01,61,2019-09-01
Noname1-m-7-C-20119,2016-09-01,61,2019-09-01
Noname1-m-9-c-70057,2015-08-31,242.625,2018-08-31
Noname1-m-c-40082,2015-11-09,102.625,2018-11-09
noname1-m-c-60351,2013-09-25,191.625,2016-09-25
Noname1-r9-f-e-40189,2015-08-12,280.625,2016-01-04
noname2-f-e-50121,2013-08-16,272.625,2017-06-30
Noname2-m-7-C-20119,2016-09-01,61,2019-09-01
Noname2-m-c-40082,2015-11-09,102.625,2016-01-21
noname2-m-c-60351,2013-07-01,365.25,2015-04-06
Noname2-r9-f-e-40189,2015-08-12,280.625,2016-01-04
noname3-m-c-20144,2011-08-18,0,2012-03-01
noname3-m-e-20067,2011-08-16,365.25,2013-07-06
Noname3-r9-f-e-40189,2015-08-12,280.625,2016-01-04
noname4-m-c-20144,2011-08-18,0,2012-03-01
noname4-m-c-60135,2013-07-01,365.25,2016-06-30
noname4-m-e-60089,2014-07-01,365.25,2019-09-01
noname5-f-e-50156,2013-07-01,365.25,2018-06-30
Noname-9-f-e-50230,2016-09-01,61,2019-09-01
Noname-9-m-e-50232,2015-07-01,365.25,2019-09-01
nonameb-f-e-40263,2011-08-18,0,2013-03-04
Noname-f-11-c-70072,2015-10-09,163.585,2019-09-01
Noname-f-11-c-70074,2015-12-12,40,2018-12-11
Noname-f-11-e-6036g,2016-09-01,61,2019-09-01
Noname-f-12-c-50149,2016-09-01,0,2019-09-01
Noname-f-12-e-30093,2016-09-15,30,2019-09-15
Noname-f1-7-C-30116,2014-10-03,176.625,2017-10-03
Noname-f1-8-C-20246,2014-10-31,120.625,2019-09-01
Noname-f1-8-C-30177,2016-09-01,61,2019-09-01
Noname-f1-8-C-60291,2014-10-10,3.14,2014-10-12
Noname-F2-7-C-30116,2014-10-03,176.625,2015-03-06
Noname-F2-7-E-40189,2015-07-01,365.25,2018-06-30
Noname-f2-8-C-30177,2016-09-01,61,2019-09-01
Noname-f2-8-C-60291,2014-10-10,3.14,2014-10-12
Noname-F3-7-C-30116,2014-10-03,176.625,2015-03-06
Noname-F3-7-E-40189,2015-07-01,365.25,2016-01-04
Noname-F4-7-C-30116,2014-10-03,176.625,2015-03-06
Noname-f-6-c-40082,2014-07-01,365.25,2018-06-30
Noname-f-7-C-50157,2016-09-01,61,2019-09-01
Noname-f-7-C-60178,2013-09-28,186.625,2018-08-15
Noname-F-7-E-30073,2014-10-01,180.625,2016-02-23
Noname-f-8-C-20208,2014-11-02,116.625,2015-10-21
Noname-f-8-C-40048,2014-11-08,103.625,2015-07-23
Noname-f-9-c-40209,2015-10-30,126,2018-10-29
noname-f-c-20027,2011-08-18,0,2014-02-04
Noname-f-c-20085,2015-08-26,232.625,2016-04-08
noname-f-c-40002,2012-06-30,182.75,2013-10-08
Noname-f-c-60199,2015-06-13,319.9,2015-11-20
Noname-f-e-10-20029,2016-10-16,31,2019-10-16
noname-f-e-40171,2014-07-01,365.25,2015-09-30
noname-f-e-40189,2015-07-01,365.25,2018-06-30
noname-f-e-40263,2011-08-18,0,2013-03-04
noname-f-e-50116,2013-05-09,106.54,2013-04-01
noname-f-e-50290,2013-06-15,77,2015-04-29
noname-f-e-60089,2014-07-01,365.25,2019-09-01
Noname-m-10-e-20085,2015-12-27,0,2019-09-15
Noname-m1-11-e-6036g,2016-09-01,61,2019-09-01
Noname-m-11-c-20125,2016-09-01,61,2019-09-01
Noname-m-11-c-20204,2016-09-01,61,2019-09-01
Noname-m-11-c-50079,2016-09-01,61,2019-09-01
Noname-m-11-c-50094,2015-06-24,13,2018-06-24
Noname-m-11-c-50100,2016-09-01,61,2019-09-01
Noname-m-11-c-70072,2015-11-03,0,2019-09-01
Noname-m-12-c-20119,2016-09-01,61,2019-09-01
Noname-m-12-c-40096,2016-09-01,61,2019-09-01
Noname-m-12-c-50148,2016-09-01,61,2019-09-01
Noname-m-12-c-50149,2016-09-01,61,2019-09-01
Noname-m-12-c-60363,2016-09-01,61,2019-09-01
Noname-m1-7-C-30116,2014-10-03,176.625,2015-03-06
Noname-m1-7-C-50096,2014-10-13,155.625,2018-06-30
Noname-m1-7-E-30079,2014-09-15,211.625,2015-10-23
Noname-m1-8-C-60291,2014-10-10,3.14,2014-10-12
Noname-m1-9-e-50290,2015-07-30,306.625,2016-01-12
Noname-m2-11-e-6036g,2016-09-01,61,2019-09-01
Noname-m2-7-C-30116,2014-10-03,176.625,2015-03-06
Noname-m2-7-C-60295,2014-10-14,153.625,2015-06-28
Noname-m2-7-E-30079,2014-09-15,211.625,2015-10-23
Noname-m2-8-C-60291,2014-10-10,3.14,2014-10-12
Noname-m2-9-e-50290,2015-07-30,306.625,2016-01-12
Noname-m3-7-C-30116,2014-10-03,176.625,2015-03-06
Noname-m4-7-C-30116,2014-10-03,176.625,2015-03-06
Noname-m-7-C-40016,2014-06-30,269.58,2014-11-12
Noname-m-7-C-60178,2013-09-28,186.625,2018-08-15
Noname-m-8-C-20208,2014-11-02,116.625,2019-09-01
Noname-m-8-C-40048,2014-10-23,56.58,2014-11-13
noname-m-c-20161,2011-08-17,0,2012-01-26
Noname-m-c-20262,2016-09-01,61,2019-09-01
noname-m-c-40133,2016-09-01,61,2019-09-01
Noname-m-c-40240,2015-11-01,118.625,2018-11-01
Noname-m-c-60267,2015-05-27,295.625,2015-12-26
Noname-m-e-10-20029,2016-10-16,31,2019-10-16
noname-m-e-20029,2016-10-16,31,2019-10-16
Noname-m-e-40046,2015-10-12,0,2018-04-29
Noname-m-e-40188,2015-03-22,70.625,2018-06-30
noname-m-e-60028,2011-07-11,365.25,2013-03-01
Noname-r9-m-e-50214,2015-06-08,365.25,2019-09-01
ntayakwini-1,2011-08-15,0,2011-11-10
Ntayangula-f-11-e-6036g,2015-10-20,0,2019-09-01
nushka-m-c-20163,2011-08-17,0,2013-11-18
Nyiketani-m-e-50249,2015-07-01,365.25,2016-04-08
Nyimpi-m-11-c-30131,2016-09-01,61,2019-09-01
Nzuyayedwa-m-8-c-30243,2014-09-12,218.625,2015-07-29
Oubaas-m-e-50161,2015-09-06,365.25,2019-09-15
Peace-m-e-40172,2011-08-18,0,2019-09-01
Pepdy-f-e-50121,2015-05-02,365.25,2016-04-04
Phezanyika-f1-11-e-20031,2016-10-16,31,2019-10-16
phika-f-e-40256,2012-06-17,182.75,2015-09-28
Pienaar-f-12-c-70074,2016-09-01,61,2019-09-01
pinda-f-e-20078,2011-08-16,365.25,2013-05-24
poppy-m-e-40162,2013-07-01,365.25,2016-04-04
Punch-m-e-20021,2014-11-15,30.5,2015-08-12
puppy1-m-e-50240,2014-07-25,315.625,2015-01-21
puppy2-f-e-50240,2014-07-25,315.625,2015-01-21
puppy2-m-e-20119,2013-09-11,220.625,2016-05-06
puppy3-f-40183,2013-07-27,365.25,2013-08-31
puppy3-f-e-50240,2014-07-25,315.625,2015-01-21
qhondhi-f-e-50229,2012-07-01,365.25,2015-07-01
Queen-f-c-30259,2016-09-01,61,2019-09-01
Raider-f-c-40127,2016-09-01,61,2019-09-01
Relax-m-e-30125,2014-12-14,365.25,2018-06-30
relax-m-e-50023,2013-03-13,365.25,2013-06-30
Rex-m-11-c-70072,2015-09-03,0,2019-09-01
Rodger-m-c-30032,2014-07-01,365.25,2019-09-01
Rolo-f-7-C-60014,2014-04-25,30.5,2014-04-26
sammy-f-c-20245,2013-07-01,365.25,2017-06-30
Samora-m-e-40256,2014-07-07,351.625,2019-09-01
Samsokol-m-7-c-60044,2013-07-01,365.25,2016-06-30
saraphine-f-e-20067,2011-08-16,365.25,2013-12-21
Sarica-m-c-40178,2015-07-30,274,2019-09-01
Satara-m-c-60348,2016-09-01,61,2019-09-01
Security-m-c-20184,2014-12-29,275.625,2017-08-14
Sesi-f-8-C-462h,2014-09-07,365.25,2015-12-03
shaka-m-c-60308,2013-07-21,169.14,2013-10-14
Siebie-f-10-e-20059,2015-09-06,365.25,2018-06-30
Siebie-f-11-e-6036g,2016-09-01,61,2019-09-01
siebie-f-c-60311,2013-10-14,153.625,2018-06-30
Siebie-f-c-70041,2016-09-01,61,2019-09-01
siebie-f-e-60076,2013-07-01,365.25,2016-06-30
Siebie-m-10-e-50234,2015-10-04,365.25,2018-06-30
siebi-m-c-40066,2013-07-01,365.25,2016-06-30
sindy-f-c-40214,2013-04-16,215.205,2013-08-02
sivi-f-e-20083,2011-08-17,0,2013-11-30
Small-m-7-E-30123,2014-09-19,203.625,2016-05-12
smocky-f-c-1152,2011-08-17,0,2012-12-15
Smocky-f-c-40039,2015-09-11,0,2018-07-29
smocky-f-e-40212,2013-05-10,122,2014-05-15
Smocky-m-12-c-30184,2016-09-01,61,2019-09-01
Smocky-m-7-C-50264,2014-07-15,335.625,2015-01-20
smocky-m-c-60195,2012-05-22,259.75,2018-08-15
snappy-f-e-50240,2013-07-01,365.25,2019-10-16
Snoppy-f-12-e-20086,2016-09-01,61,2019-09-01
Snoppy-f-7-C-20262,2014-07-02,362.625,2019-09-01
Snoppy-f-7-c-60044,2013-07-01,365.25,2016-06-30
snoppy-f-e-20031,2013-01-09,365.25,2013-10-31
snoppy-m-e-30104,2013-01-30,365.25,2014-04-12
snoppy-m-e-50051,2011-07-14,365.25,2012-09-30
sparky-m-c-30066,2013-07-02,362.625,2015-12-21
sparky-m-c-60328,2011-12-22,365.25,2013-03-22
sporty-f-c-70074,2012-02-04,365.25,2014-04-01
Sporty-m-e-40172,2011-08-18,0,2015-12-03
sprite-f-e-40109,2011-08-18,0,2011-10-29
Squeza-m-c-40173,2015-05-23,288.625,2018-06-30
Squezer-m-c-50094,2016-09-04,0,2019-09-01
Stompy-m-7-C-1168,2016-09-01,61,2019-09-01
stone-m-c-20252,2013-08-24,256.625,2016-08-24
Streetkid-m-e-40131,2014-09-19,360.625,2017-07-03
Strong-f-c-50156,2016-09-01,61,2019-09-01
swanzidava-m-c-40016,2013-06-21,365.25,2013-06-22
swavi-f-e-20031,2013-04-10,365.25,2013-10-31
Taps-m1-12-c-50075,2016-09-01,61,2019-09-01
Taps-m2-12-c-50075,2016-09-01,61,2019-09-01
Teddy-f-12-c-30259,2016-09-01,61,2019-09-01
Tekatawena-m-7-c-60044,2013-07-01,365.25,2014-07-23
Tenyteny-f-12-e-40153,2016-09-01,61,2019-09-01
tex-m-c-1211,2011-08-15,0,2013-07-12
thatha-m-e-20015,2012-01-10,365.25,2013-11-30
Tiger-f-e-50066,2014-09-22,357.625,2017-07-04
Tiger-m-12-c-40265,2016-08-16,31,2019-08-16
Tiger-m-e-1849E,2012-11-04,365.25,2014-02-02
Tiger-m-e-1849E,2014-11-17,0,2014-02-02
Timu-f-c-40039,2015-09-11,0,2018-04-29
Tivatavanwana-m-8-C-20263,2014-10-27,128.625,2019-09-01
tivatawena-c-60389,2011-07-11,0,2012-12-21
Tivatawena-f-7-C-70053,2014-08-15,273.625,2017-08-15
Tivatawena-m-11-e-50163,2016-09-15,30,2019-09-15
Tivatawena-m-7-C-50011,2015-07-01,365.25,2018-06-30
Tivatawena-m-8-C-20263,2014-10-27,128.625,2015-08-05
tivatawena-m-c-40282,2014-07-01,365.25,2018-06-30
Tivatawena-m-e-50351,2015-07-29,0,2017-06-30
tiyambuli-m-c-60018,2014-07-01,365.25,2017-06-30
touch-m-c-50079,2013-09-02,238.625,2016-09-02
Tricky-m-8-C-30131,2014-10-18,145.625,2015-02-26
tshama-m-e-50148,2013-07-01,365.25,2016-03-14
Turkey-f-c-60274,2015-09-16,210.625,2018-09-16
Unknown-m-c-40191,2014-07-01,365.25,2017-06-30
Utafarini-m-7-C-50069,2014-07-21,324.625,2015-11-07
Utavulayini-m-12-c-60360,2016-09-01,61,2019-09-01
Vahlangene-f-c-40043,2015-07-04,357.625,2018-07-04
Vamkhoyile-f-7-c-60044,2013-07-01,365.25,2016-06-30
vandizonda-f-e-20031,2013-01-09,365.25,2013-10-31
vanyuma-m-e-40256,2013-09-03,365.25,2014-06-07
varhamahiye-f-c-20144,2011-08-18,0,2012-03-01
Vaswikotile-m-10-e-50230,2016-09-01,61,2019-09-01
Vatakarhala-m-10-e-50240,2015-10-06,252.625,2019-10-16
Vatakarhala-m-7-C-50010,2014-02-10,95.625,2014-11-09
vatakhuluma-m-e-40256,2012-06-17,182.75,2014-05-07
Vatakuyini-m-7-C-50137,2016-09-01,61,2019-09-01
Vatanya-f-7-C-40209,2015-05-24,289.625,2019-06-15
Vazameyini-m-7-C-50137,2016-09-01,61,2019-09-01
veli-f-e-40171,2014-07-01,365.25,2017-06-30
Vulavulani-m-11-e-20099,2016-02-14,0,2018-06-30
Vuxakabyanomo-f-c-70053,2015-08-11,217.625,2017-09-12
white-f-c-20144,2011-08-18,0,2012-03-01
white-f-e-50065,2013-01-24,365.25,2013-12-04
white-m-c-40240,2014-07-01,365.25,2018-06-30
Whity-m-e-50021,2015-01-15,364.625,2016-03-25
xakarinaye-f-c30013,2011-09-01,365.25,2014-01-28
Xakarinaye-m-c-70088,2015-09-10,0,2019-09-01
Xidakwa-m-12-c-40074,2016-09-08,0,2019-09-01
xikwembu-m-c-40264,2011-06-08,365.25,2015-05-22
Xilemakatleni-f-c-70052,2016-09-01,61,2019-09-01
zebra-m-e-30019,2013-07-12,365.25,2013-07-27
Zinja-f-11-e-60089,2016-09-01,61,2019-09-01
Zondi-m-c-20085,2015-08-26,232.625,2017-09-05
Zozo-m-11-c-20230,2016-09-01,61,2019-09-01
