"","daySeries","meanAbun","meanInf","meanVac"
"1",1,404,0,0
"2",2,403.572,0,0
"3",3,403.348,0,0
"4",4,403.204,0,0
"5",5,402.906,0,0
"6",6,402.72,0,0
"7",7,402.444,0,0
"8",8,402.252,0,0
"9",9,401.914,0,0
"10",10,401.782,0,0
"11",11,401.56,0,0
"12",12,401.2,0,0
"13",13,401.12,0,0
"14",14,400.896,0,0
"15",15,400.684,0,0
"16",16,400.5,0,0
"17",17,400.354,0,0
"18",18,400.21,0,0
"19",19,399.936,0,0
"20",20,399.728,0,0
"21",21,399.63,0,0
"22",22,399.38,0,0
"23",23,399.212,0,0
"24",24,399.06,0,0
"25",25,398.904,0,0
"26",26,398.858,0,0
"27",27,398.666,0,0
"28",28,398.43,0,0
"29",29,398.208,0,0
"30",30,398.104,0,0
"31",31,398.014,0,0
"32",32,397.916,0,0
"33",33,397.954,0,0
"34",34,397.724,0,0
"35",35,397.598,0,0
"36",36,397.472,0,0
"37",37,397.488,0,0
"38",38,397.256,0,0
"39",39,397.078,0,0
"40",40,396.942,0,0
"41",41,396.844,0,0
"42",42,396.71,0,0
"43",43,396.654,0,0
"44",44,396.568,0,0
"45",45,396.5,0,0
"46",46,396.42,0,0
"47",47,396.304,0,0
"48",48,396.216,0,0
"49",49,396.23,0,0
"50",50,396.194,0,0
"51",51,396.112,0,0
"52",52,396.056,0,0
"53",53,396.088,0,0
"54",54,396.034,0,0
"55",55,396.036,0,0
"56",56,396.014,0,0
"57",57,395.962,0,0
"58",58,395.874,0,0
"59",59,395.818,0,0
"60",60,395.714,0,0
"61",61,395.776,0,0
"62",62,395.73,0,0
"63",63,395.71,0,0
"64",64,395.87,0,0
"65",65,395.816,0,0
"66",66,395.732,0,0
"67",67,395.74,0,0
"68",68,395.846,0,0
"69",69,395.902,0,0
"70",70,395.796,0,0
"71",71,395.86,0,0
"72",72,395.854,0,0
"73",73,395.918,0,0
"74",74,396.01,0,0
"75",75,395.996,0,0
"76",76,395.94,0,0
"77",77,395.998,0,0
"78",78,396.018,0,0
"79",79,396.096,0,0
"80",80,396.136,0,0
"81",81,396.24,0,0
"82",82,396.394,0,0
"83",83,396.442,0,0
"84",84,396.368,0,0
"85",85,396.382,0,0
"86",86,396.456,0,0
"87",87,396.522,0,0
"88",88,396.666,0,0
"89",89,396.866,0,0
"90",90,396.93,0,0
"91",91,396.908,0,0
"92",92,397.044,0,0
"93",93,397.14,0,0
"94",94,397.208,0,0
"95",95,397.392,0,0
"96",96,397.38,0,0
"97",97,397.438,0,0
"98",98,397.598,0,0
"99",99,397.746,0,0
"100",100,397.826,0,0
"101",101,397.96,0,0
"102",102,398.024,0,0
"103",103,398.13,0,0
"104",104,398.236,0,0
"105",105,398.342,0,0
"106",106,398.496,0,0
"107",107,398.596,0,0
"108",108,398.622,0,0
"109",109,398.724,0,0
"110",110,398.836,0,0
"111",111,398.826,0,0
"112",112,398.968,0,0
"113",113,399.092,0,0
"114",114,399.184,0,0
"115",115,399.334,0,0
"116",116,399.36,0,0
"117",117,399.484,0,0
"118",118,399.57,0,0
"119",119,399.732,0,0
"120",120,399.764,0,0
"121",121,399.85,0,0
"122",122,400.052,0,0
"123",123,400.26,0,0
"124",124,400.384,0,0
"125",125,400.538,0,0
"126",126,400.696,0,0
"127",127,400.866,0,0
"128",128,400.95,0,0
"129",129,400.98,0,0
"130",130,401.16,0,0
"131",131,401.328,0,0
"132",132,401.544,0,0
"133",133,401.61,0,0
"134",134,401.738,0,0
"135",135,401.906,0,0
"136",136,402,0,0
"137",137,402.14,0,0
"138",138,402.414,0,0
"139",139,402.634,0,0
"140",140,402.752,0,0
"141",141,402.966,0,0
"142",142,403.168,0,0
"143",143,403.404,0,0
"144",144,403.594,0,0
"145",145,403.706,0,0
"146",146,403.812,0,0
"147",147,404.018,0,0
"148",148,404.134,0,0
"149",149,404.3,0,0
"150",150,404.462,0,0
"151",151,404.726,0,0
"152",152,405.022,0,0
"153",153,405.23,0,0
"154",154,405.404,0,0
"155",155,405.582,0,0
"156",156,405.822,0,0
"157",157,405.932,0,0
"158",158,406.062,0,0
"159",159,406.154,0,0
"160",160,406.368,0,0
"161",161,406.538,0,0
"162",162,406.648,0,0
"163",163,406.79,0,0
"164",164,406.934,0,0
"165",165,406.98,0,0
"166",166,407.136,0,0
"167",167,407.246,0,0
"168",168,407.42,0,0
"169",169,407.552,0,0
"170",170,407.718,0,0
"171",171,407.988,0,0
"172",172,408.316,0,0
"173",173,408.42,0,0
"174",174,408.75,0,0
"175",175,408.936,0,0
"176",176,409.122,0,0
"177",177,409.316,0,0
"178",178,409.468,0,0
"179",179,409.668,0,0
"180",180,409.86,0,0
"181",181,409.988,0,0
"182",182,410.132,0,0
"183",183,410.388,0,0
"184",184,410.508,0,0
"185",185,410.63,0,0
"186",186,410.856,0,0
"187",187,410.998,0,0
"188",188,411.098,0,0
"189",189,411.416,0,0
"190",190,411.536,0,0
"191",191,411.754,0,0
"192",192,412.046,0,0
"193",193,412.114,0,0
"194",194,412.196,0,0
"195",195,412.328,0,0
"196",196,412.586,0,0
"197",197,412.79,0,0
"198",198,412.996,0,0
"199",199,413.312,0,0
"200",200,413.49,0,0
"201",201,413.608,0,0
"202",202,413.942,0,0
"203",203,414.142,0,0
"204",204,414.344,0,0
"205",205,414.598,0,0
"206",206,414.74,0,0
"207",207,414.994,0,0
"208",208,415.134,0,0
"209",209,415.324,0,0
"210",210,415.394,0,0
"211",211,415.446,0,0
"212",212,415.552,0,0
"213",213,415.768,0,0
"214",214,415.966,0,0
"215",215,416.144,0,0
"216",216,416.396,0,0
"217",217,416.526,0,0
"218",218,416.618,0,0
"219",219,417.004,0,0
"220",220,417.164,0,0
"221",221,417.414,0,0
"222",222,417.568,0,0
"223",223,417.736,0,0
"224",224,417.948,0,0
"225",225,418.226,0,0
"226",226,418.422,0,0
"227",227,418.468,0,0
"228",228,418.656,0,0
"229",229,418.754,0,0
"230",230,418.988,0,0
"231",231,419.146,0,0
"232",232,419.448,0,0
"233",233,419.736,0,0
"234",234,419.94,0,0
"235",235,420.148,0,0
"236",236,420.348,0,0
"237",237,420.604,0,0
"238",238,420.808,0,0
"239",239,420.99,0,0
"240",240,421.22,0,0
"241",241,421.336,0,0
"242",242,421.728,0,0
"243",243,421.938,0,0
"244",244,422.152,0,0
"245",245,422.314,0,0
"246",246,422.558,0,0
"247",247,422.876,0,0
"248",248,423.026,0,0
"249",249,423.106,0,0
"250",250,423.328,0,0
"251",251,423.548,0,0
"252",252,423.69,0,0
"253",253,423.908,0,0
"254",254,424.126,0,0
"255",255,424.388,0,0
"256",256,424.582,0,0
"257",257,424.82,0,0
"258",258,425.096,0,0
"259",259,425.392,0,0
"260",260,425.644,0,0
"261",261,425.81,0,0
"262",262,426.148,0,0
"263",263,426.302,0,0
"264",264,426.458,0,0
"265",265,426.742,0,0
"266",266,426.942,0,0
"267",267,427.244,0,0
"268",268,427.442,0,0
"269",269,427.72,0,0
"270",270,428.108,0,0
"271",271,428.422,0,0
"272",272,428.568,0,0
"273",273,428.734,0,0
"274",274,428.932,0,0
"275",275,429.338,0,0
"276",276,429.562,0,0
"277",277,429.774,0,0
"278",278,430,0,0
"279",279,430.15,0,0
"280",280,430.584,0,0
"281",281,430.864,0,0
"282",282,431.05,0,0
"283",283,431.276,0,0
"284",284,431.492,0,0
"285",285,431.804,0,0
"286",286,431.958,0,0
"287",287,432.234,0,0
"288",288,432.342,0,0
"289",289,432.422,0,0
"290",290,432.582,0,0
"291",291,432.714,0,0
"292",292,432.928,0,0
"293",293,433.184,0,0
"294",294,433.218,0,0
"295",295,433.41,0,0
"296",296,433.79,0,0
"297",297,434.054,0,0
"298",298,434.276,0,0
"299",299,434.53,0,0
"300",300,434.788,0,0
"301",301,434.95,0,0
"302",302,435.204,0,0
"303",303,435.322,0,0
"304",304,435.62,0,0
"305",305,435.688,0,0
"306",306,435.842,0,0
"307",307,435.846,0,0
"308",308,436.088,0,0
"309",309,436.36,0,0
"310",310,436.694,0,0
"311",311,436.854,0,0
"312",312,437.292,0,0
"313",313,437.574,0,0
"314",314,437.712,0,0
"315",315,438.12,0,0
"316",316,438.332,0,0
"317",317,438.66,0,0
"318",318,438.934,0,0
"319",319,439.148,0,0
"320",320,439.434,0,0
"321",321,439.66,0,0
"322",322,439.858,0,0
"323",323,440.098,0,0
"324",324,440.314,0,0
"325",325,440.56,0,0
"326",326,440.846,0,0
"327",327,441.054,0,0
"328",328,441.388,0,0
"329",329,441.448,0,0
"330",330,441.676,0,0
"331",331,441.976,0,0
"332",332,442.146,0,0
"333",333,442.422,0,0
"334",334,442.538,0,0
"335",335,442.842,0,0
"336",336,443.012,0,0
"337",337,443.162,0,0
"338",338,443.53,0,0
"339",339,443.94,0,0
"340",340,444.082,0,0
"341",341,444.136,0,0
"342",342,444.474,0,0
"343",343,444.75,0,0
"344",344,444.892,0,0
"345",345,445.142,0,0
"346",346,445.332,0,0
"347",347,445.516,0,0
"348",348,445.87,0,0
"349",349,446.09,0,0
"350",350,446.224,0,0
"351",351,446.528,0,0
"352",352,446.716,0,0
"353",353,446.996,0,0
"354",354,447.156,0,0
"355",355,447.43,0,0
"356",356,447.662,0,0
"357",357,447.8,0,0
"358",358,447.98,0,0
"359",359,448.058,0,0
"360",360,448.382,0,0
"361",361,448.676,0,0
"362",362,448.902,0,0
"363",363,449.128,0,0
"364",364,449.452,0,0
"365",365,449.7,0,0
"366",366,449.998,0,0
"367",367,450.132,0,0
"368",368,450.38,0,0
"369",369,450.668,0,0
"370",370,450.846,0,0
"371",371,451.086,0,0
"372",372,451.2,0,0
"373",373,451.39,0,0
"374",374,451.722,0,0
"375",375,452.002,0,0
"376",376,452.178,0,0
"377",377,452.346,0,0
"378",378,452.6,0,0
"379",379,452.778,0,0
"380",380,453.042,0,0
"381",381,453.23,0,0
"382",382,453.494,0,0
"383",383,453.936,0,0
"384",384,454.208,0,0
"385",385,454.512,0,0
"386",386,454.744,0,0
"387",387,455.088,0,0
"388",388,455.386,0,0
"389",389,455.424,0,0
"390",390,455.614,0,0
"391",391,455.784,0,0
"392",392,456.052,0,0
"393",393,456.374,0,0
"394",394,456.552,0,0
"395",395,456.69,0,0
"396",396,456.918,0,0
"397",397,457.126,0,0
"398",398,457.326,0,0
"399",399,457.564,0,0
"400",400,457.76,0,0
"401",401,458.036,0,0
"402",402,458.082,0,0
"403",403,458.254,0,0
"404",404,458.478,0,0
"405",405,458.674,0,0
"406",406,458.886,0,0
"407",407,459.062,0,0
"408",408,459.15,0,0
"409",409,459.368,0,0
"410",410,459.71,0,0
"411",411,459.888,0,0
"412",412,460.118,0,0
"413",413,460.382,0,0
"414",414,460.612,0,0
"415",415,460.852,0,0
"416",416,461.064,0,0
"417",417,461.218,0,0
"418",418,461.394,0,0
"419",419,461.688,0,0
"420",420,461.812,0,0
"421",421,462.11,0,0
"422",422,462.336,0,0
"423",423,462.476,0,0
"424",424,462.612,0,0
"425",425,462.818,0,0
"426",426,463.166,0,0
"427",427,463.344,0,0
"428",428,463.736,0,0
"429",429,463.826,0,0
"430",430,464.104,0,0
"431",431,464.398,0,0
"432",432,464.634,0,0
"433",433,464.678,0,0
"434",434,464.944,0,0
"435",435,465.236,0,0
"436",436,465.588,0,0
"437",437,465.776,0,0
"438",438,466.002,0,0
"439",439,466.086,0,0
"440",440,466.304,0,0
"441",441,466.554,0,0
"442",442,466.674,0,0
"443",443,466.956,0,0
"444",444,467.04,0,0
"445",445,467.298,0,0
"446",446,467.524,0,0
"447",447,467.762,0,0
"448",448,467.876,0,0
"449",449,467.98,0,0
"450",450,468.242,0,0
"451",451,468.318,0,0
"452",452,468.464,0,0
"453",453,468.726,0,0
"454",454,468.848,0,0
"455",455,469.086,0,0
"456",456,469.292,0,0
"457",457,469.606,0,0
"458",458,469.876,0,0
"459",459,470.142,0,0
"460",460,470.31,0,0
"461",461,470.398,0,0
"462",462,470.46,0,0
"463",463,470.646,0,0
"464",464,470.82,0,0
"465",465,471.064,0,0
"466",466,471.344,0,0
"467",467,471.628,0,0
"468",468,471.778,0,0
"469",469,472.096,0,0
"470",470,472.308,0,0
"471",471,472.416,0,0
"472",472,472.564,0,0
"473",473,472.626,0,0
"474",474,472.828,0,0
"475",475,473.02,0,0
"476",476,473.316,0,0
"477",477,473.61,0,0
"478",478,473.864,0,0
"479",479,474.142,0,0
"480",480,474.338,0,0
"481",481,474.61,0,0
"482",482,474.84,0,0
"483",483,474.92,0,0
"484",484,475.284,0,0
"485",485,475.378,0,0
"486",486,475.58,0,0
"487",487,475.762,0,0
"488",488,475.918,0,0
"489",489,476.1,0,0
"490",490,476.208,0,0
"491",491,476.408,0,0
"492",492,476.632,0,0
"493",493,476.798,0,0
"494",494,477.078,0,0
"495",495,477.092,0,0
"496",496,477.25,0,0
"497",497,477.324,0,0
"498",498,477.44,0,0
"499",499,477.63,0,0
"500",500,477.86,0,0
"501",501,477.956,0,0
"502",502,478.128,0,0
"503",503,478.22,0,0
"504",504,478.314,0,0
"505",505,478.464,0,0
"506",506,478.702,0,0
"507",507,478.88,0,0
"508",508,479.088,0,0
"509",509,479.32,0,0
"510",510,479.49,0,0
"511",511,479.788,0,0
"512",512,479.892,0,0
"513",513,479.94,0,0
"514",514,479.968,0,0
"515",515,480.262,0,0
"516",516,480.348,0,0
"517",517,480.466,0,0
"518",518,480.71,0,0
"519",519,480.76,0,0
"520",520,480.764,0,0
"521",521,481.058,0,0
"522",522,481.172,0,0
"523",523,481.378,0,0
"524",524,481.564,0,0
"525",525,481.804,0,0
"526",526,482.052,0,0
"527",527,482.266,0,0
"528",528,482.464,0,0
"529",529,482.674,0,0
"530",530,482.956,0,0
"531",531,483.154,0,0
"532",532,483.41,0,0
"533",533,483.674,0,0
"534",534,483.964,0,0
"535",535,484.208,0,0
"536",536,484.342,0,0
"537",537,484.456,0,0
"538",538,484.7,0,0
"539",539,484.906,0,0
"540",540,485.192,0,0
"541",541,485.362,0,0
"542",542,485.594,0,0
"543",543,485.732,0,0
"544",544,485.764,0,0
"545",545,486.07,0,0
"546",546,486.318,0,0
"547",547,486.478,0,0
"548",548,486.668,0,0
"549",549,486.828,0,0
"550",550,486.964,0,0
"551",551,487.212,0,0
"552",552,487.372,0,0
"553",553,487.682,0,0
"554",554,487.978,0,0
"555",555,488.236,0,0
"556",556,488.454,0,0
"557",557,488.606,0,0
"558",558,488.738,0,0
"559",559,488.918,0,0
"560",560,489.118,0,0
"561",561,489.246,0,0
"562",562,489.372,0,0
"563",563,489.428,0,0
"564",564,489.642,0,0
"565",565,489.762,0,0
"566",566,489.996,0,0
"567",567,490.2,0,0
"568",568,490.348,0,0
"569",569,490.682,0,0
"570",570,490.97,0,0
"571",571,491.124,0,0
"572",572,491.262,0,0
"573",573,491.252,0,0
"574",574,491.402,0,0
"575",575,491.49,0,0
"576",576,491.724,0,0
"577",577,491.92,0,0
"578",578,492.282,0,0
"579",579,492.406,0,0
"580",580,492.578,0,0
"581",581,492.68,0,0
"582",582,492.818,0,0
"583",583,492.976,0,0
"584",584,493.292,0,0
"585",585,493.502,0,0
"586",586,493.614,0,0
"587",587,493.752,0,0
"588",588,493.8,0,0
"589",589,493.912,0,0
"590",590,494.22,0,0
"591",591,494.346,0,0
"592",592,494.436,0,0
"593",593,494.728,0,0
"594",594,494.904,0,0
"595",595,495.094,0,0
"596",596,495.388,0,0
"597",597,495.662,0,0
"598",598,495.784,0,0
"599",599,496.13,0,0
"600",600,496.204,0,0
"601",601,496.272,0,0
"602",602,496.392,0,0
"603",603,496.366,0,0
"604",604,496.628,0,0
"605",605,496.922,0,0
"606",606,497.018,0,0
"607",607,497.224,0,0
"608",608,497.354,0,0
"609",609,497.596,0,0
"610",610,497.724,0,0
"611",611,498.058,0,0
"612",612,498.16,0,0
"613",613,498.392,0,0
"614",614,498.586,0,0
"615",615,498.728,0,0
"616",616,498.904,0,0
"617",617,498.968,0,0
"618",618,499.234,0,0
"619",619,499.484,0,0
"620",620,499.704,0,0
"621",621,499.826,0,0
"622",622,500.084,0,0
"623",623,500.186,0,0
"624",624,500.46,0,0
"625",625,500.652,0,0
"626",626,500.86,0,0
"627",627,500.938,0,0
"628",628,501.062,0,0
"629",629,501.18,0,0
"630",630,501.314,0,0
"631",631,501.414,0,0
"632",632,501.562,0,0
"633",633,501.808,0,0
"634",634,501.95,0,0
"635",635,502.116,0,0
"636",636,502.362,0,0
"637",637,502.644,0,0
"638",638,502.904,0,0
"639",639,503.084,0,0
"640",640,503.254,0,0
"641",641,503.52,0,0
"642",642,503.702,0,0
"643",643,503.84,0,0
"644",644,504.122,0,0
"645",645,504.238,0,0
"646",646,504.33,0,0
"647",647,504.508,0,0
"648",648,504.62,0,0
"649",649,504.788,0,0
"650",650,504.966,0,0
"651",651,505.222,0,0
"652",652,505.528,0,0
"653",653,505.726,0,0
"654",654,505.94,0,0
"655",655,506.09,0,0
"656",656,506.278,0,0
"657",657,506.416,0,0
"658",658,506.494,0,0
"659",659,506.602,0,0
"660",660,506.774,0,0
"661",661,506.89,0,0
"662",662,507.062,0,0
"663",663,507.234,0,0
"664",664,507.38,0,0
"665",665,507.594,0,0
"666",666,507.668,0,0
"667",667,507.888,0,0
"668",668,508.142,0,0
"669",669,508.236,0,0
"670",670,508.364,0,0
"671",671,508.592,0,0
"672",672,508.754,0,0
"673",673,508.9,0,0
"674",674,509.192,0,0
"675",675,509.31,0,0
"676",676,509.576,0,0
"677",677,509.674,0,0
"678",678,509.804,0,0
"679",679,509.89,0,0
"680",680,509.994,0,0
"681",681,510.312,0,0
"682",682,510.572,0,0
"683",683,510.72,0,0
"684",684,510.8,0,0
"685",685,511.064,0,0
"686",686,511.266,0,0
"687",687,511.498,0,0
"688",688,511.586,0,0
"689",689,511.712,0,0
"690",690,511.856,0,0
"691",691,511.972,0,0
"692",692,512.254,0,0
"693",693,512.438,0,0
"694",694,512.658,0,0
"695",695,512.864,0,0
"696",696,512.974,0,0
"697",697,513.174,0,0
"698",698,513.376,0,0
"699",699,513.562,0,0
"700",700,513.626,0,0
"701",701,513.788,0,0
"702",702,513.962,0,0
"703",703,514.024,0,0
"704",704,514.096,0,0
"705",705,514.246,0,0
"706",706,514.372,0,0
"707",707,514.566,0,0
"708",708,514.732,0,0
"709",709,514.86,0,0
"710",710,514.966,0,0
"711",711,515.064,0,0
"712",712,515.268,0,0
"713",713,515.616,0,0
"714",714,515.618,0,0
"715",715,515.842,0,0
"716",716,515.986,0,0
"717",717,516.114,0,0
"718",718,516.35,0,0
"719",719,516.362,0,0
"720",720,516.564,0,0
"721",721,516.708,0,0
"722",722,516.796,0,0
"723",723,516.918,0,0
"724",724,517.192,0,0
"725",725,517.278,0,0
"726",726,517.424,0,0
"727",727,517.614,0,0
"728",728,517.926,0,0
"729",729,518.132,0,0
"730",730,518.3,0,0
"731",731,518.474,0,0
"732",732,518.594,0,0
"733",733,518.752,0,0
"734",734,518.924,0,0
"735",735,518.942,0,0
"736",736,518.97,0,0
"737",737,519.088,0,0
"738",738,519.24,0,0
"739",739,519.35,0,0
"740",740,519.392,0,0
"741",741,519.588,0,0
"742",742,519.692,0,0
"743",743,519.732,0,0
"744",744,519.968,0,0
"745",745,520.078,0,0
"746",746,520.138,0,0
"747",747,520.33,0,0
"748",748,520.496,0,0
"749",749,520.504,0,0
"750",750,520.74,0,0
"751",751,520.952,0,0
"752",752,521.188,0,0
"753",753,521.204,0,0
"754",754,521.37,0,0
"755",755,521.49,0.966,0
"756",756,521.59,0.964,0
"757",757,521.762,0.962,0
"758",758,521.986,0.962,0
"759",759,521.186,0,0
"760",760,521.392,0,0
"761",761,521.498,0,0
"762",762,521.838,0,0
"763",763,522.012,0,0
"764",764,522.234,0,0
"765",765,522.32,0,0
"766",766,522.68,0,0
"767",767,522.566,0,0
"768",768,522.6,0,0
"769",769,522.812,0,0
"770",770,522.83,0,0
"771",771,522.936,0,0
"772",772,523.138,0,0
"773",773,523.28,0,0
"774",774,523.436,0,0
"775",775,523.598,0,0
"776",776,523.574,0,0
"777",777,523.776,0,0
"778",778,523.832,0.312,0
"779",779,524.136,0.576,0
"780",780,524.31,0.862,0
"781",781,524.282,1.196,0
"782",782,524.108,0.888,0
"783",783,524.006,0.622,0
"784",784,523.812,0.336,0
"785",785,523.546,0,0
"786",786,523.66,0,0
"787",787,523.848,0,0
"788",788,523.894,0,0
"789",789,524.092,0,0
"790",790,524.15,0,0
"791",791,524.266,0,0
"792",792,524.468,0,0
"793",793,524.556,0,0
"794",794,524.628,0,0
"795",795,524.84,0,0
"796",796,524.964,0,0
"797",797,525.164,0,0
"798",798,525.216,0,0
"799",799,525.334,0,0
"800",800,525.37,0,0
"801",801,525.44,0.11,0
"802",802,525.564,0.332,0
"803",803,525.816,0.61,0
"804",804,525.884,1.066,0
"805",805,525.884,1.292,0
"806",806,525.782,1.288,0
"807",807,525.468,1.104,0
"808",808,525.066,0.648,0
"809",809,524.728,0.318,0
"810",810,524.768,0.104,0
"811",811,524.838,0,0
"812",812,525.004,0,0
"813",813,525.228,0,0
"814",814,525.324,0,0
"815",815,525.498,0,0
"816",816,525.734,0,0
"817",817,525.98,0,0
"818",818,526.056,0,0
"819",819,526.24,0,0
"820",820,526.312,0,0
"821",821,526.408,0,0
"822",822,526.476,0,0
"823",823,526.636,0,0
"824",824,526.868,0.032,0
"825",825,527.058,0.106,0
"826",826,527.174,0.286,0
"827",827,527.31,0.708,0
"828",828,527.466,1.074,0
"829",829,527.576,1.482,0
"830",830,527.456,1.594,0
"831",831,527.266,1.388,0
"832",832,527.098,1.142,0
"833",833,526.714,0.686,0
"834",834,526.634,0.392,0
"835",835,526.61,0.18,0
"836",836,526.776,0.026,0
"837",837,526.798,0,0
"838",838,526.92,0,0
"839",839,527.184,0,0
"840",840,527.298,0,0
"841",841,527.476,0,0
"842",842,527.596,0,0
"843",843,527.926,0,0
"844",844,528.202,0,0
"845",845,528.304,0,0
"846",846,528.368,0,0
"847",847,528.47,0,0
"848",848,528.518,0.042,0
"849",849,528.598,0.154,0
"850",850,528.708,0.348,0
"851",851,528.796,0.66,0
"852",852,528.844,1.05,0
"853",853,528.73,1.444,0
"854",854,528.618,1.704,0
"855",855,528.382,1.79,0
"856",856,528.126,1.584,0
"857",857,527.722,1.24,0
"858",858,527.288,0.836,0
"859",859,526.894,0.446,0
"860",860,526.702,0.216,0
"861",861,526.77,0.056,0
"862",862,526.946,0.01,0
"863",863,527.112,0,0
"864",864,527.226,0,0
"865",865,527.442,0,0
"866",866,527.504,0,0
"867",867,527.6,0,0
"868",868,527.734,0,0
"869",869,527.718,0,0
"870",870,527.946,0,0
"871",871,528.144,0.012,0
"872",872,528.376,0.102,0
"873",873,528.392,0.2,0
"874",874,528.428,0.398,0
"875",875,528.416,0.722,0
"876",876,528.57,1.108,0
"877",877,528.53,1.594,0
"878",878,528.602,1.938,0
"879",879,528.398,2.16,0
"880",880,528.154,2.114,0
"881",881,527.624,1.866,0
"882",882,527.146,1.498,0
"883",883,526.506,1.032,18
"884",884,526.308,0.616,35.932
"885",885,526.202,0.29,53.84
"886",886,526.192,0.112,71.69
"887",887,526.18,0.014,89.556
"888",888,526.302,0.002,107.314
"889",889,526.514,0,123.93
"890",890,526.678,0,136.46
"891",891,526.756,0,145.1
"892",892,526.842,0,153.082
"893",893,526.916,0,160.996
"894",894,527.056,0.012,168.98
"895",895,527.188,0.038,176.948
"896",896,527.282,0.1,184.848
"897",897,527.538,0.26,192.76
"898",898,527.656,0.48,200.6
"899",899,527.642,0.81,208.432
"900",900,527.608,1.176,216.268
"901",901,527.57,1.616,224.016
"902",902,527.516,2.042,231.724
"903",903,527.326,2.392,239.232
"904",904,526.986,2.602,246.576
"905",905,526.384,2.468,253.382
"906",906,525.952,2.162,259.778
"907",907,525.318,1.656,265.564
"908",908,524.984,1.076,270.9
"909",909,524.68,0.658,275.884
"910",910,524.35,0.312,280.588
"911",911,524.414,0.118,284.152
"912",912,524.516,0.05,283.576
"913",913,524.572,0.008,283.022
"914",914,524.652,0.004,282.46
"915",915,524.72,0,281.884
"916",916,524.822,0,281.428
"917",917,524.758,0.002,280.88
"918",918,524.82,0.008,280.372
"919",919,524.864,0.028,279.876
"920",920,524.898,0.084,279.346
"921",921,525.076,0.164,278.842
"922",922,525.156,0.296,278.336
"923",923,525.258,0.55,277.88
"924",924,525.322,0.784,277.384
"925",925,525.528,1.046,276.938
"926",926,525.388,1.326,276.378
"927",927,525.236,1.516,275.8
"928",928,525.152,1.636,275.242
"929",929,525.05,1.592,274.674
"930",930,524.698,1.41,274.116
"931",931,524.39,1.106,273.558
"932",932,524.024,0.75,273.054
"933",933,523.79,0.486,272.542
"934",934,523.618,0.266,272.026
"935",935,523.434,0.114,271.538
"936",936,523.508,0.058,271.046
"937",937,523.804,0.018,270.612
"938",938,524.076,0.004,270.192
"939",939,524.262,0,269.73
"940",940,524.456,0,269.224
"941",941,524.534,0.012,268.81
"942",942,524.658,0.018,268.364
"943",943,524.74,0.03,267.942
"944",944,524.832,0.074,267.466
"945",945,524.906,0.124,267.012
"946",946,524.966,0.194,266.534
"947",947,524.976,0.27,266.078
"948",948,525.094,0.356,265.606
"949",949,525.036,0.508,265.152
"950",950,525.096,0.674,264.68
"951",951,525.076,0.82,264.246
"952",952,525.072,0.886,263.778
"953",953,524.984,0.85,263.372
"954",954,525.106,0.756,263.016
"955",955,524.942,0.628,262.588
"956",956,524.75,0.496,262.164
"957",957,524.744,0.368,261.742
"958",958,524.918,0.236,261.306
"959",959,524.898,0.134,260.92
"960",960,524.972,0.072,260.45
"961",961,525.066,0.026,260.044
"962",962,525.28,0.008,259.682
"963",963,525.482,0.002,259.334
"964",964,525.542,0,258.844
"965",965,525.694,0.002,258.402
"966",966,525.69,0.006,257.924
"967",967,525.844,0.018,257.48
"968",968,525.88,0.044,257.084
"969",969,526.066,0.078,256.706
"970",970,526.13,0.122,256.28
"971",971,526.126,0.194,255.84
"972",972,526.216,0.238,255.424
"973",973,526.36,0.29,255.028
"974",974,526.306,0.364,254.588
"975",975,526.184,0.424,254.14
"976",976,526.084,0.484,253.69
"977",977,526.114,0.528,253.336
"978",978,526.164,0.486,252.92
"979",979,526.164,0.412,252.494
"980",980,526.298,0.34,252.108
"981",981,526.232,0.254,251.708
"982",982,526.26,0.192,251.322
"983",983,526.428,0.134,250.956
"984",984,526.448,0.076,250.58
"985",985,526.438,0.032,250.174
"986",986,526.478,0.014,249.796
"987",987,526.548,0,249.398
"988",988,526.864,0,249.072
"989",989,526.946,0.002,248.686
"990",990,527.096,0.004,248.322
"991",991,527.166,0.014,247.978
"992",992,527.342,0.028,247.586
"993",993,527.308,0.062,247.218
"994",994,527.466,0.098,246.862
"995",995,527.588,0.118,246.49
"996",996,527.752,0.166,246.128
"997",997,527.74,0.178,245.778
"998",998,527.824,0.194,245.384
"999",999,527.988,0.24,245.072
"1000",1000,528.028,0.242,244.728
"1001",1001,527.992,0.256,244.356
"1002",1002,528.08,0.254,244.006
"1003",1003,528.104,0.212,243.656
"1004",1004,528.184,0.206,243.288
"1005",1005,528.166,0.178,242.912
"1006",1006,528.304,0.142,242.538
"1007",1007,528.318,0.118,242.17
"1008",1008,528.392,0.068,241.796
"1009",1009,528.474,0.04,241.446
"1010",1010,528.69,0.022,241.106
"1011",1011,528.762,0.012,240.724
"1012",1012,528.708,0.002,240.38
"1013",1013,528.922,0,240.042
"1014",1014,528.952,0.004,239.68
"1015",1015,529.238,0.006,239.308
"1016",1016,529.424,0.006,238.944
"1017",1017,529.512,0.014,238.592
"1018",1018,529.676,0.028,238.25
"1019",1019,529.94,0.048,237.904
"1020",1020,530.09,0.074,237.542
"1021",1021,530.25,0.092,237.174
"1022",1022,530.338,0.114,236.786
"1023",1023,530.412,0.12,236.434
"1024",1024,530.412,0.144,236.1
"1025",1025,530.558,0.148,235.776
"1026",1026,530.564,0.128,235.436
"1027",1027,530.728,0.15,235.092
"1028",1028,530.754,0.134,234.684
"1029",1029,530.792,0.118,234.29
"1030",1030,531.014,0.12,233.988
"1031",1031,531.06,0.096,233.674
"1032",1032,531.146,0.074,233.358
"1033",1033,531.278,0.062,232.998
"1034",1034,531.264,0.042,232.62
"1035",1035,531.458,0.02,232.286
"1036",1036,531.588,0.008,231.94
"1037",1037,531.588,0.012,231.584
"1038",1038,531.536,0.008,231.216
"1039",1039,531.582,0.004,230.852
"1040",1040,531.866,0.006,230.542
"1041",1041,532.096,0.006,230.212
"1042",1042,532.11,0.012,229.884
"1043",1043,532.232,0.028,229.558
"1044",1044,532.246,0.036,229.22
"1045",1045,532.376,0.05,228.902
"1046",1046,532.426,0.064,228.548
"1047",1047,532.704,0.072,228.226
"1048",1048,532.692,0.088,227.882
"1049",1049,532.812,0.086,227.536
"1050",1050,532.754,0.092,227.2
"1051",1051,532.854,0.086,226.878
"1052",1052,532.822,0.088,226.498
"1053",1053,532.846,0.074,226.2
"1054",1054,532.96,0.066,225.884
"1055",1055,533.086,0.066,225.502
"1056",1056,533.214,0.042,225.168
"1057",1057,533.266,0.05,224.866
"1058",1058,533.336,0.034,224.558
"1059",1059,533.492,0.018,224.242
"1060",1060,533.412,0.014,223.92
"1061",1061,533.498,0.006,223.648
"1062",1062,533.566,0.01,223.286
"1063",1063,533.718,0.008,222.962
"1064",1064,533.766,0.006,222.62
"1065",1065,533.756,0.012,222.264
"1066",1066,533.9,0.012,221.928
"1067",1067,534.108,0.016,221.59
"1068",1068,534.214,0.026,221.294
"1069",1069,534.372,0.032,220.954
"1070",1070,534.506,0.032,220.614
"1071",1071,534.624,0.05,220.318
"1072",1072,534.844,0.06,219.978
"1073",1073,534.994,0.07,219.666
"1074",1074,534.88,0.082,219.312
"1075",1075,534.928,0.07,218.992
"1076",1076,535.128,0.064,218.716
"1077",1077,535.044,0.048,218.354
"1078",1078,534.992,0.042,218.006
"1079",1079,535.142,0.044,217.702
"1080",1080,535.206,0.036,217.386
"1081",1081,535.286,0.032,217.09
"1082",1082,535.368,0.024,216.82
"1083",1083,535.356,0.02,216.476
"1084",1084,535.272,0.014,216.186
"1085",1085,535.36,0.012,215.89
"1086",1086,535.412,0.012,215.626
"1087",1087,535.51,0.008,215.306
"1088",1088,535.394,0.01,215
"1089",1089,535.328,0.01,214.67
"1090",1090,535.4,0.008,214.364
"1091",1091,535.492,0.02,214.04
"1092",1092,535.554,0.036,213.716
"1093",1093,535.62,0.038,213.426
"1094",1094,535.688,0.046,213.1
"1095",1095,535.704,0.038,212.738
"1096",1096,535.802,0.034,212.424
"1097",1097,536.048,0.038,212.132
"1098",1098,535.962,0.054,211.836
"1099",1099,536.13,0.052,211.586
"1100",1100,536.292,0.042,211.24
"1101",1101,536.314,0.036,210.9
"1102",1102,536.456,0.018,210.622
"1103",1103,536.542,0.022,210.35
"1104",1104,536.536,0.022,210.038
"1105",1105,536.456,0.028,209.746
"1106",1106,536.464,0.024,209.424
"1107",1107,536.582,0.018,209.136
"1108",1108,536.65,0.022,208.848
"1109",1109,536.704,0.014,208.58
"1110",1110,536.758,0.014,208.296
"1111",1111,536.91,0.01,208.012
"1112",1112,537.072,0.004,207.73
"1113",1113,537.028,0.004,207.448
"1114",1114,537.134,0.006,207.148
"1115",1115,537.308,0.012,206.85
"1116",1116,537.402,0.018,206.526
"1117",1117,537.556,0.022,206.236
"1118",1118,537.614,0.02,205.956
"1119",1119,537.632,0.018,205.688
"1120",1120,537.704,0.012,205.414
"1121",1121,537.948,0.016,205.112
"1122",1122,538.018,0.026,204.822
"1123",1123,537.88,0.026,204.488
"1124",1124,537.942,0.028,204.208
"1125",1125,538.056,0.026,203.91
"1126",1126,538.138,0.02,203.634
"1127",1127,538.356,0.032,203.376
"1128",1128,538.378,0.036,203.03
"1129",1129,538.548,0.036,202.788
"1130",1130,538.566,0.03,202.486
"1131",1131,538.656,0.014,202.176
"1132",1132,538.66,0.01,201.852
"1133",1133,538.88,0.006,201.586
"1134",1134,539.01,0.008,201.308
"1135",1135,538.992,0.008,201.016
"1136",1136,538.982,0.006,200.752
"1137",1137,538.834,0.006,200.468
"1138",1138,539.044,0.006,200.22
"1139",1139,539.23,0.008,199.912
"1140",1140,539.198,0.008,199.622
"1141",1141,539.186,0.01,199.332
"1142",1142,539.348,0.01,199.07
"1143",1143,539.582,0.008,198.79
"1144",1144,539.596,0.008,198.514
"1145",1145,539.556,0.01,198.22
"1146",1146,539.526,0.014,197.97
"1147",1147,539.666,0.018,197.698
"1148",1148,539.72,0.022,197.432
"1149",1149,539.824,0.026,197.146
"1150",1150,539.748,0.026,196.886
"1151",1151,539.806,0.026,196.634
"1152",1152,539.844,0.028,196.352
"1153",1153,539.92,0.02,196.064
"1154",1154,540.248,0.018,195.792
"1155",1155,540.35,0.016,195.48
"1156",1156,540.292,0.012,195.182
"1157",1157,540.348,0.01,194.948
"1158",1158,540.486,0.006,194.708
"1159",1159,540.648,0.004,194.464
"1160",1160,540.748,0,194.184
"1161",1161,540.776,0.002,193.942
"1162",1162,540.798,0.002,193.672
"1163",1163,540.736,0.002,193.412
"1164",1164,540.824,0.002,193.172
"1165",1165,540.962,0.002,192.926
"1166",1166,541.028,0.002,192.682
"1167",1167,541.048,0.006,192.424
"1168",1168,541.234,0.006,192.19
"1169",1169,541.328,0.014,191.964
"1170",1170,541.256,0.018,191.648
"1171",1171,541.358,0.016,191.382
"1172",1172,541.416,0.024,191.122
"1173",1173,541.456,0.018,190.862
"1174",1174,541.634,0.018,190.626
"1175",1175,541.756,0.024,190.392
"1176",1176,541.768,0.026,190.12
"1177",1177,541.836,0.026,189.898
"1178",1178,541.704,0.028,189.656
"1179",1179,541.608,0.02,189.38
"1180",1180,541.7,0.014,189.13
"1181",1181,541.846,0.012,188.866
"1182",1182,541.992,0.01,188.598
"1183",1183,541.98,0.01,188.33
"1184",1184,541.964,0.004,188.012
"1185",1185,542.054,0.002,187.752
"1186",1186,542.06,0,187.47
"1187",1187,542.126,0.002,187.21
"1188",1188,542.264,0.002,186.944
"1189",1189,542.282,0.002,186.654
"1190",1190,542.49,0.004,186.42
"1191",1191,542.432,0.008,186.124
"1192",1192,542.614,0.018,185.878
"1193",1193,542.65,0.024,185.628
"1194",1194,542.84,0.024,185.41
"1195",1195,542.866,0.026,185.162
"1196",1196,543.048,0.018,184.894
"1197",1197,543.038,0.012,184.616
"1198",1198,543.106,0.016,184.372
"1199",1199,543.09,0.014,184.128
"1200",1200,543.072,0.018,183.896
"1201",1201,543.026,0.02,183.638
"1202",1202,543.038,0.022,183.406
"1203",1203,543.192,0.02,183.17
"1204",1204,543.12,0.014,182.922
"1205",1205,543.226,0.012,182.648
"1206",1206,543.308,0.008,182.392
"1207",1207,543.354,0.004,182.13
"1208",1208,543.402,0.008,181.858
"1209",1209,543.458,0.008,181.644
"1210",1210,543.552,0.004,181.448
"1211",1211,543.532,0.004,181.206
"1212",1212,543.586,0,180.95
"1213",1213,543.738,0,180.732
"1214",1214,543.766,0,180.498
"1215",1215,543.842,0.004,180.256
"1216",1216,543.92,0.006,180.054
"1217",1217,543.964,0.012,179.81
"1218",1218,544.044,0.024,179.554
"1219",1219,544.128,0.024,179.346
"1220",1220,544.188,0.028,179.078
"1221",1221,544.22,0.024,178.84
"1222",1222,544.356,0.014,178.616
"1223",1223,544.322,0.02,178.31
"1224",1224,544.502,0.02,178.088
"1225",1225,544.48,0.024,177.814
"1226",1226,544.404,0.022,177.584
"1227",1227,544.568,0.014,177.322
"1228",1228,544.74,0.01,177.094
"1229",1229,544.714,0.006,176.834
"1230",1230,544.784,0.006,176.602
"1231",1231,544.878,0.004,176.332
"1232",1232,544.966,0.002,176.084
"1233",1233,544.988,0.002,175.872
"1234",1234,544.974,0.002,175.628
"1235",1235,545.012,0.002,175.406
"1236",1236,545.172,0.002,175.156
"1237",1237,545.24,0,174.924
"1238",1238,545.372,0,174.696
"1239",1239,545.414,0.004,174.432
"1240",1240,545.586,0.004,174.168
"1241",1241,545.672,0.004,173.948
"1242",1242,545.844,0.008,173.73
"1243",1243,545.648,0.01,173.466
"1244",1244,545.722,0.01,173.25
"1245",1245,545.838,0.012,173.02
"1246",1246,545.832,0.01,172.766
"1247",1247,545.818,0.004,172.48
"1248",1248,545.904,0.016,179.826
"1249",1249,546.074,0.018,187.272
"1250",1250,546.2,0.02,194.702
"1251",1251,546.22,0.02,202.11
"1252",1252,546.2,0.008,209.452
"1253",1253,546.334,0.004,216.87
"1254",1254,546.248,0.004,224.212
"1255",1255,546.134,0.004,230.264
"1256",1256,546.162,0.004,234.302
"1257",1257,546.334,0.004,237.762
"1258",1258,546.452,0,241.136
"1259",1259,546.442,0.002,244.51
"1260",1260,546.484,0.002,247.654
"1261",1261,546.634,0.002,250.976
"1262",1262,546.648,0.004,254.362
"1263",1263,546.826,0.002,257.596
"1264",1264,546.764,0.002,260.848
"1265",1265,546.638,0.002,264.176
"1266",1266,546.668,0.004,267.548
"1267",1267,546.876,0.008,270.944
"1268",1268,546.786,0.008,274.216
"1269",1269,546.838,0.01,277.636
"1270",1270,546.77,0.008,281.134
"1271",1271,546.796,0.01,284.772
"1272",1272,546.904,0.01,288.342
"1273",1273,546.976,0.01,292.22
"1274",1274,546.846,0.012,296.264
"1275",1275,546.954,0.006,300.486
"1276",1276,546.902,0.008,304.038
"1277",1277,547.106,0.006,303.552
"1278",1278,547.19,0.002,302.968
"1279",1279,547.198,0.002,302.418
"1280",1280,547.422,0,301.864
"1281",1281,547.484,0,301.316
"1282",1282,547.528,0.002,300.778
"1283",1283,547.594,0.002,300.244
"1284",1284,547.67,0.006,299.678
"1285",1285,547.742,0.006,299.154
"1286",1286,547.786,0.004,298.54
"1287",1287,547.762,0.004,297.954
"1288",1288,547.826,0,297.422
"1289",1289,547.774,0,296.826
"1290",1290,547.856,0.002,296.33
"1291",1291,547.908,0.002,295.798
"1292",1292,547.998,0.004,295.226
"1293",1293,548.124,0.008,294.66
"1294",1294,548.21,0.006,294.168
"1295",1295,548.492,0.01,293.614
"1296",1296,548.586,0.008,293.084
"1297",1297,548.692,0.004,292.578
"1298",1298,548.68,0.004,292.002
"1299",1299,548.632,0,291.444
"1300",1300,548.692,0,290.88
"1301",1301,548.77,0,290.366
"1302",1302,548.728,0,289.792
"1303",1303,548.734,0,289.332
"1304",1304,548.84,0,288.84
"1305",1305,548.826,0,288.34
"1306",1306,549.018,0.002,287.882
"1307",1307,549.112,0.004,287.38
"1308",1308,549.14,0.004,286.868
"1309",1309,549.16,0.004,286.394
"1310",1310,549.292,0.004,285.86
"1311",1311,549.394,0.002,285.356
"1312",1312,549.51,0.002,284.878
"1313",1313,549.43,0.002,284.374
"1314",1314,549.566,0,283.936
"1315",1315,549.474,0,283.396
"1316",1316,549.774,0,282.97
"1317",1317,549.846,0.002,282.468
"1318",1318,549.92,0.002,282.006
"1319",1319,550.072,0.006,281.434
"1320",1320,550.042,0.006,280.96
"1321",1321,550.144,0.004,280.456
"1322",1322,550.09,0.004,279.942
"1323",1323,550.266,0,279.446
"1324",1324,550.266,0,278.93
"1325",1325,550.438,0,278.46
"1326",1326,550.59,0,278.008
"1327",1327,550.692,0,277.538
"1328",1328,550.696,0,277.04
"1329",1329,550.898,0,276.582
"1330",1330,550.746,0,276.126
"1331",1331,550.878,0,275.69
"1332",1332,550.86,0,275.218
"1333",1333,550.974,0,274.774
"1334",1334,550.978,0,274.286
"1335",1335,550.984,0,273.816
"1336",1336,550.86,0,273.364
"1337",1337,550.866,0,272.896
"1338",1338,550.88,0,272.44
"1339",1339,551,0,272.018
"1340",1340,551.05,0,271.592
"1341",1341,551.26,0,271.18
"1342",1342,551.264,0.002,270.744
"1343",1343,551.248,0.002,270.262
"1344",1344,551.408,0.004,269.814
"1345",1345,551.402,0.006,269.368
"1346",1346,551.424,0.004,268.938
"1347",1347,551.476,0.004,268.46
"1348",1348,551.642,0.002,268.118
"1349",1349,551.704,0,267.678
"1350",1350,551.774,0,267.276
"1351",1351,551.802,0,266.87
"1352",1352,551.854,0,266.424
"1353",1353,551.904,0,265.986
"1354",1354,552.018,0,265.542
"1355",1355,552.062,0,265.144
"1356",1356,552.19,0,264.752
"1357",1357,552.062,0,264.328
"1358",1358,552.108,0,263.92
"1359",1359,552.222,0,263.496
"1360",1360,552.22,0,263.048
"1361",1361,552.256,0,262.642
"1362",1362,552.264,0,262.214
"1363",1363,552.316,0,261.828
"1364",1364,552.444,0,261.414
"1365",1365,552.498,0.002,260.994
"1366",1366,552.512,0.002,260.594
"1367",1367,552.47,0.002,260.158
"1368",1368,552.382,0.004,259.69
"1369",1369,552.288,0.002,259.234
"1370",1370,552.406,0.004,258.83
"1371",1371,552.466,0.004,258.428
"1372",1372,552.542,0.002,258.024
"1373",1373,552.59,0.002,257.634
"1374",1374,552.64,0,257.264
"1375",1375,552.708,0,256.896
"1376",1376,552.798,0,256.502
"1377",1377,552.776,0,256.074
"1378",1378,552.816,0,255.642
"1379",1379,552.678,0,255.242
"1380",1380,552.69,0,254.852
"1381",1381,552.854,0,254.45
"1382",1382,552.886,0,254.008
"1383",1383,552.942,0,253.608
"1384",1384,552.884,0,253.172
"1385",1385,552.846,0,252.754
"1386",1386,552.776,0,252.342
"1387",1387,552.824,0,251.926
"1388",1388,552.864,0,251.512
"1389",1389,552.842,0,251.138
"1390",1390,552.772,0,250.748
"1391",1391,552.732,0,250.362
"1392",1392,552.768,0,249.946
"1393",1393,552.818,0,249.528
"1394",1394,552.9,0,249.176
"1395",1395,552.998,0,248.828
"1396",1396,552.904,0,248.442
"1397",1397,552.942,0,248.04
"1398",1398,552.864,0,247.676
"1399",1399,553.032,0,247.306
"1400",1400,553.28,0,246.908
"1401",1401,553.198,0,246.504
"1402",1402,553.238,0,246.086
"1403",1403,553.312,0,245.68
"1404",1404,553.342,0,245.326
"1405",1405,553.38,0,244.936
"1406",1406,553.258,0,244.5
"1407",1407,553.244,0,244.096
"1408",1408,553.192,0,243.73
"1409",1409,553.388,0,243.372
"1410",1410,553.356,0,243.012
"1411",1411,553.404,0,242.616
"1412",1412,553.438,0,242.228
"1413",1413,553.496,0,241.894
"1414",1414,553.476,0,241.528
"1415",1415,553.582,0,241.116
"1416",1416,553.662,0,240.728
"1417",1417,553.442,0,240.324
"1418",1418,553.502,0,239.912
"1419",1419,553.58,0,239.57
"1420",1420,553.568,0,239.196
"1421",1421,553.614,0,238.806
"1422",1422,553.512,0,238.474
"1423",1423,553.524,0,238.094
"1424",1424,553.456,0,237.724
"1425",1425,553.642,0,237.378
"1426",1426,553.53,0,236.996
"1427",1427,553.558,0,236.624
"1428",1428,553.62,0,236.276
"1429",1429,553.686,0,235.968
"1430",1430,553.67,0,235.578
"1431",1431,553.658,0,235.216
"1432",1432,553.792,0,234.848
"1433",1433,553.822,0,234.522
"1434",1434,553.88,0,234.22
"1435",1435,553.856,0,233.872
"1436",1436,553.988,0,233.54
"1437",1437,553.964,0,233.216
"1438",1438,554.106,0,232.862
"1439",1439,554.21,0,232.442
"1440",1440,554.184,0,232.072
"1441",1441,554.202,0,231.73
"1442",1442,554.168,0,231.424
"1443",1443,554.202,0,231.092
"1444",1444,554.37,0,230.806
"1445",1445,554.278,0,230.416
"1446",1446,554.038,0,230.068
"1447",1447,554.064,0,229.74
"1448",1448,554.206,0,229.39
"1449",1449,554.318,0,229.05
"1450",1450,554.38,0,228.666
"1451",1451,554.454,0,228.284
"1452",1452,554.504,0,227.932
"1453",1453,554.692,0,227.64
"1454",1454,554.854,0,227.322
"1455",1455,554.772,0,226.968
"1456",1456,554.98,0,226.612
"1457",1457,554.932,0,226.262
"1458",1458,554.908,0,225.952
"1459",1459,555.092,0,225.638
"1460",1460,555.172,0,225.328
"1461",1461,555.138,0,224.998
"1462",1462,555.26,0,224.704
"1463",1463,555.308,0,224.406
"1464",1464,555.368,0,224.076
"1465",1465,555.446,0,223.762
"1466",1466,555.486,0,223.44
"1467",1467,555.478,0,223.152
"1468",1468,555.72,0,222.836
"1469",1469,555.754,0,222.48
"1470",1470,555.854,0,222.138
"1471",1471,555.91,0,221.778
"1472",1472,555.926,0,221.448
"1473",1473,555.84,0,221.108
"1474",1474,555.78,0,220.796
"1475",1475,555.85,0,220.5
"1476",1476,555.996,0,220.152
"1477",1477,556.008,0,219.814
"1478",1478,556.134,0,219.486
"1479",1479,556.192,0,219.168
"1480",1480,556.328,0,218.874
"1481",1481,556.246,0,218.538
"1482",1482,556.184,0,218.214
"1483",1483,556.262,0,217.898
"1484",1484,556.42,0,217.634
"1485",1485,556.33,0,217.306
"1486",1486,556.302,0,216.964
"1487",1487,556.378,0,216.604
"1488",1488,556.452,0,216.282
"1489",1489,556.332,0,215.986
"1490",1490,556.346,0,215.664
"1491",1491,556.186,0,215.278
"1492",1492,556.344,0,214.978
"1493",1493,556.45,0,214.628
"1494",1494,556.406,0,214.304
"1495",1495,556.388,0,213.982
"1496",1496,556.494,0,213.684
"1497",1497,556.548,0,213.4
"1498",1498,556.706,0,213.124
"1499",1499,556.662,0,212.788
"1500",1500,556.696,0,212.476
"1501",1501,556.738,0,212.16
"1502",1502,556.718,0,211.882
"1503",1503,556.784,0,211.58
"1504",1504,556.774,0,211.258
"1505",1505,556.658,0,210.992
"1506",1506,556.632,0,210.678
"1507",1507,556.722,0,210.37
"1508",1508,556.744,0,210.076
"1509",1509,556.826,0,209.8
"1510",1510,556.778,0,209.422
"1511",1511,557.028,0,209.156
"1512",1512,557.008,0,208.802
"1513",1513,556.94,0,208.484
"1514",1514,557.114,0,208.206
"1515",1515,557.184,0,207.922
"1516",1516,557.17,0,207.586
"1517",1517,557.336,0,207.284
"1518",1518,557.282,0,206.964
"1519",1519,557.272,0,206.666
"1520",1520,557.212,0,206.328
"1521",1521,557.11,0,205.992
"1522",1522,557.04,0,205.658
"1523",1523,557.216,0,205.404
"1524",1524,557.228,0,205.12
"1525",1525,557.344,0,204.824
"1526",1526,557.326,0,204.51
"1527",1527,557.342,0,204.2
"1528",1528,557.44,0,203.92
"1529",1529,557.428,0,203.642
"1530",1530,557.418,0,203.348
"1531",1531,557.468,0,203.014
"1532",1532,557.51,0,202.764
"1533",1533,557.726,0,202.472
"1534",1534,557.588,0,202.182
"1535",1535,557.792,0,201.914
"1536",1536,557.74,0,201.586
"1537",1537,557.894,0,201.352
"1538",1538,558.042,0,201.048
"1539",1539,557.996,0,200.778
"1540",1540,558.096,0,200.514
"1541",1541,558.238,0,200.242
"1542",1542,558.154,0,199.948
"1543",1543,558.156,0,199.64
"1544",1544,558.142,0,199.364
"1545",1545,558.062,0,199.066
"1546",1546,558.13,0,198.776
"1547",1547,558.114,0,198.472
"1548",1548,558.336,0,198.19
"1549",1549,558.288,0,197.956
"1550",1550,558.312,0,197.692
"1551",1551,558.256,0,197.398
"1552",1552,558.278,0,197.114
"1553",1553,558.416,0,196.812
"1554",1554,558.398,0,196.48
"1555",1555,558.394,0,196.21
"1556",1556,558.394,0,195.896
"1557",1557,558.314,0,195.604
"1558",1558,558.358,0,195.344
"1559",1559,558.408,0,195.066
"1560",1560,558.542,0,194.776
"1561",1561,558.606,0,194.494
"1562",1562,558.632,0,194.194
"1563",1563,558.696,0,193.94
"1564",1564,558.508,0,193.616
"1565",1565,558.732,0,193.326
"1566",1566,558.696,0,193.088
"1567",1567,558.684,0,192.812
"1568",1568,558.6,0,192.566
"1569",1569,558.906,0,192.296
"1570",1570,558.874,0,192.028
"1571",1571,558.984,0,191.774
"1572",1572,558.992,0,191.518
"1573",1573,558.988,0,191.25
"1574",1574,559.052,0,190.962
"1575",1575,559.136,0,190.722
"1576",1576,559.124,0,190.462
"1577",1577,559.166,0,190.212
"1578",1578,559.252,0,189.94
"1579",1579,559.206,0,189.666
"1580",1580,559.33,0,189.42
"1581",1581,559.114,0,189.102
"1582",1582,559.264,0,188.822
"1583",1583,559.182,0,188.536
"1584",1584,559.222,0,188.308
"1585",1585,559.268,0,187.998
"1586",1586,559.392,0,187.67
"1587",1587,559.368,0,187.402
"1588",1588,559.486,0,187.136
"1589",1589,559.388,0,186.822
"1590",1590,559.498,0,186.526
"1591",1591,559.492,0,186.226
"1592",1592,559.478,0,185.952
"1593",1593,559.648,0,185.706
"1594",1594,559.686,0,185.422
"1595",1595,559.806,0,185.156
"1596",1596,559.784,0,184.868
"1597",1597,559.74,0,184.588
"1598",1598,559.66,0,184.308
"1599",1599,559.616,0,184.012
"1600",1600,559.786,0,183.75
"1601",1601,559.682,0,183.484
"1602",1602,559.588,0,183.186
"1603",1603,559.762,0,182.942
"1604",1604,559.784,0,182.64
"1605",1605,559.808,0,182.404
"1606",1606,559.748,0,182.164
"1607",1607,559.78,0,181.906
"1608",1608,559.492,0,181.642
"1609",1609,559.484,0,181.404
"1610",1610,559.442,0,181.156
"1611",1611,559.586,0,180.922
"1612",1612,559.658,0,180.666
"1613",1613,559.734,0,187.834
"1614",1614,559.728,0,195.256
"1615",1615,559.634,0,202.486
"1616",1616,559.714,0,209.766
"1617",1617,559.802,0,217.168
"1618",1618,559.79,0,224.308
"1619",1619,559.882,0,231.41
"1620",1620,559.982,0,237.832
"1621",1621,559.986,0,242.006
"1622",1622,559.992,0,245.384
"1623",1623,560.154,0,248.72
"1624",1624,560.176,0,251.988
"1625",1625,560.26,0,255.24
"1626",1626,560.426,0,258.58
"1627",1627,560.346,0,261.906
"1628",1628,560.18,0,265.29
"1629",1629,560.22,0,268.532
"1630",1630,560.26,0,271.866
"1631",1631,560.312,0,275.114
"1632",1632,560.374,0,278.376
"1633",1633,560.414,0,281.656
"1634",1634,560.448,0,284.808
"1635",1635,560.448,0,287.958
"1636",1636,560.654,0,290.97
"1637",1637,560.786,0,293.972
"1638",1638,560.79,0,296.67
"1639",1639,560.982,0,299.502
"1640",1640,560.904,0,302.412
"1641",1641,560.89,0,305.218
"1642",1642,560.98,0,304.642
"1643",1643,561.054,0,304.066
"1644",1644,561.182,0,303.482
"1645",1645,561.24,0,302.942
"1646",1646,561.298,0,302.344
"1647",1647,561.26,0,301.754
"1648",1648,561.312,0,301.222
"1649",1649,561.3,0,300.666
"1650",1650,561.296,0,300.062
"1651",1651,561.286,0,299.51
"1652",1652,561.146,0,298.934
"1653",1653,561.13,0,298.386
"1654",1654,561.198,0,297.83
"1655",1655,561.21,0,297.308
"1656",1656,561.054,0,296.724
"1657",1657,561.064,0,296.182
"1658",1658,561.064,0,295.624
"1659",1659,561.146,0,295.08
"1660",1660,561.028,0,294.49
"1661",1661,560.966,0,293.832
"1662",1662,560.97,0,293.292
"1663",1663,561.052,0,292.796
"1664",1664,561.008,0,292.224
"1665",1665,561.02,0,291.704
"1666",1666,561.12,0,291.194
"1667",1667,561.174,0,290.662
"1668",1668,561.236,0,290.148
"1669",1669,561.364,0,289.614
"1670",1670,561.414,0,289.06
"1671",1671,561.32,0,288.496
"1672",1672,561.41,0,287.968
"1673",1673,561.456,0,287.47
"1674",1674,561.588,0,286.952
"1675",1675,561.508,0,286.408
"1676",1676,561.446,0,285.866
"1677",1677,561.454,0,285.34
"1678",1678,561.492,0,284.748
"1679",1679,561.466,0,284.264
"1680",1680,561.52,0,283.762
"1681",1681,561.594,0,283.256
"1682",1682,561.634,0,282.728
"1683",1683,561.6,0,282.236
"1684",1684,561.47,0,281.734
"1685",1685,561.546,0,281.254
"1686",1686,561.458,0,280.77
"1687",1687,561.484,0,280.264
"1688",1688,561.454,0,279.774
"1689",1689,561.446,0,279.252
"1690",1690,561.25,0,278.736
"1691",1691,561.172,0,278.296
"1692",1692,561.184,0,277.836
"1693",1693,561.254,0,277.362
"1694",1694,561.182,0,276.832
"1695",1695,561.19,0,276.362
"1696",1696,561.222,0,275.93
"1697",1697,561.278,0,275.492
"1698",1698,561.226,0,275.05
"1699",1699,561.224,0,274.642
"1700",1700,561.416,0,274.164
"1701",1701,561.464,0,273.712
"1702",1702,561.456,0,273.276
"1703",1703,561.548,0,272.864
"1704",1704,561.542,0,272.41
"1705",1705,561.632,0,271.91
"1706",1706,561.694,0,271.374
"1707",1707,561.728,0,270.91
"1708",1708,561.746,0,270.46
"1709",1709,561.888,0,270.03
"1710",1710,561.844,0,269.538
"1711",1711,561.752,0,269.052
"1712",1712,561.89,0,268.666
"1713",1713,561.986,0,268.242
"1714",1714,562.14,0,267.76
"1715",1715,562.078,0,267.32
"1716",1716,562.014,0,266.808
"1717",1717,562.122,0,266.41
"1718",1718,562.252,0,265.988
"1719",1719,562.226,0,265.558
"1720",1720,562.296,0,265.166
"1721",1721,562.26,0,264.714
"1722",1722,562.256,0,264.292
"1723",1723,562.252,0,263.848
"1724",1724,562.338,0,263.388
"1725",1725,562.256,0,262.948
"1726",1726,562.218,0,262.524
"1727",1727,562.206,0,262.106
"1728",1728,562.316,0,261.714
"1729",1729,562.416,0,261.326
"1730",1730,562.372,0,260.89
"1731",1731,562.55,0,260.524
"1732",1732,562.396,0,260.082
"1733",1733,562.354,0,259.62
"1734",1734,562.512,0,259.246
"1735",1735,562.682,0,258.856
"1736",1736,562.668,0,258.45
"1737",1737,562.866,0,258.022
"1738",1738,562.774,0,257.608
"1739",1739,562.786,0,257.228
"1740",1740,562.796,0,256.786
"1741",1741,562.794,0,256.374
"1742",1742,562.846,0,256.016
"1743",1743,562.792,0,255.584
"1744",1744,562.914,0,255.198
"1745",1745,563.062,0,254.814
"1746",1746,563.002,0,254.398
"1747",1747,562.874,0,253.994
"1748",1748,563.006,0,253.556
"1749",1749,562.926,0,253.148
"1750",1750,562.914,0,252.718
"1751",1751,562.902,0,252.298
"1752",1752,562.94,0,251.884
"1753",1753,562.96,0,251.48
"1754",1754,563.036,0,251.126
"1755",1755,563.148,0,250.696
"1756",1756,563.186,0,250.322
"1757",1757,563.174,0,249.866
"1758",1758,563.172,0,249.494
"1759",1759,563.228,0,249.08
"1760",1760,563.174,0,248.708
"1761",1761,562.992,0,248.276
"1762",1762,563.016,0,247.822
"1763",1763,562.974,0,247.426
"1764",1764,563.058,0,247.004
"1765",1765,562.944,0,246.556
"1766",1766,562.992,0,246.17
"1767",1767,562.954,0,245.85
"1768",1768,563.078,0,245.494
"1769",1769,563.054,0,245.088
"1770",1770,563.026,0,244.692
"1771",1771,562.97,0,244.256
"1772",1772,562.95,0,243.882
"1773",1773,562.972,0,243.508
"1774",1774,562.816,0,243.088
"1775",1775,562.942,0,242.754
"1776",1776,563.004,0,242.324
"1777",1777,562.884,0,241.968
"1778",1778,562.924,0,241.61
"1779",1779,562.952,0,241.272
"1780",1780,562.848,0,240.896
"1781",1781,562.878,0,240.522
"1782",1782,562.846,0,240.102
"1783",1783,562.86,0,239.75
"1784",1784,562.93,0,239.39
"1785",1785,562.91,0,239.012
"1786",1786,562.962,0,238.61
"1787",1787,562.862,0,238.176
"1788",1788,562.85,0,237.826
"1789",1789,562.97,0,237.46
"1790",1790,562.952,0,237.128
"1791",1791,562.974,0,236.786
"1792",1792,563.134,0,236.488
"1793",1793,563.028,0,236.138
"1794",1794,563.256,0,235.818
"1795",1795,563.394,0,235.406
"1796",1796,563.43,0,235.04
"1797",1797,563.296,0,234.636
"1798",1798,563.304,0,234.262
"1799",1799,563.37,0,233.916
"1800",1800,563.168,0,233.528
"1801",1801,563.128,0,233.168
"1802",1802,563.128,0,232.84
"1803",1803,563.104,0,232.468
"1804",1804,563.082,0,232.06
"1805",1805,563.206,0,231.696
"1806",1806,563.226,0,231.31
"1807",1807,563.174,0,230.966
"1808",1808,563.244,0,230.612
"1809",1809,563.282,0,230.27
"1810",1810,563.284,0,229.93
"1811",1811,563.308,0,229.6
"1812",1812,563.302,0,229.272
"1813",1813,563.456,0,228.946
"1814",1814,563.632,0,228.644
"1815",1815,563.42,0,228.274
"1816",1816,563.398,0,227.918
"1817",1817,563.36,0,227.57
"1818",1818,563.196,0,227.26
"1819",1819,563.162,0,226.92
"1820",1820,563.01,0,226.574
"1821",1821,562.884,0,226.24
"1822",1822,563.168,0,225.93
"1823",1823,563.096,0,225.558
"1824",1824,563.048,0,225.202
"1825",1825,563.052,0,224.85
